-- phpMyAdmin SQL Dump
-- version 4.9.5deb2
-- https://www.phpmyadmin.net/
--
-- Host: localhost:3306
-- Tempo de geração: 10/03/2021 às 12:25
-- Versão do servidor: 8.0.23-0ubuntu0.20.04.1
-- Versão do PHP: 7.4.3

SET SQL_MODE = "NO_AUTO_VALUE_ON_ZERO";
SET AUTOCOMMIT = 0;
START TRANSACTION;
SET time_zone = "+00:00";


/*!40101 SET @OLD_CHARACTER_SET_CLIENT=@@CHARACTER_SET_CLIENT */;
/*!40101 SET @OLD_CHARACTER_SET_RESULTS=@@CHARACTER_SET_RESULTS */;
/*!40101 SET @OLD_COLLATION_CONNECTION=@@COLLATION_CONNECTION */;
/*!40101 SET NAMES utf8mb4 */;

--
-- Banco de dados: `floss_governo`
--

-- --------------------------------------------------------

--
-- Estrutura para tabela `categoria_software`
--

CREATE TABLE `categoria_software` (
  `codigo` int NOT NULL,
  `nome` varchar(80) CHARACTER SET utf8 COLLATE utf8_unicode_ci NOT NULL
) ENGINE=InnoDB DEFAULT CHARSET=latin1;

--
-- Despejando dados para a tabela `categoria_software`
--

INSERT INTO `categoria_software` (`codigo`, `nome`) VALUES
(1, 'Acessibilidade'),
(2, 'Acesso Remoto'),
(3, 'Administração de Sistemas Linux/Unix'),
(4, 'Agendamento de Reuniões'),
(5, 'Ambiente de Desenvolvimento'),
(6, 'Ambiente de Execução Javascript'),
(7, 'Análise de Dados'),
(8, 'Análise de Desempenho'),
(9, 'Análise de Tráfego de Rede'),
(10, 'Análise de Vídeo'),
(11, 'Análise de Vulnerabilidades'),
(12, 'Análise Textual'),
(13, 'Antivirus'),
(14, 'API Manager'),
(15, 'Aprendizado de Máquina'),
(16, 'Armazenamento de Objetos'),
(17, 'Armazenamento em Nuvem'),
(18, 'Arquivística'),
(19, 'Assinatura Digital'),
(20, 'Astronomia'),
(21, 'Auditoria'),
(22, 'Autenticação e Autorização'),
(23, 'Automação de Infraestrutura'),
(24, 'Automação de processos'),
(25, 'Avaliação Médica'),
(26, 'Backup'),
(27, 'Balanceamento de Carga'),
(28, 'Banco de Dados'),
(29, 'Blockchain'),
(30, 'BPMN'),
(31, 'Busca'),
(32, 'Business Intelligence'),
(33, 'Cache'),
(34, 'Calendário e Agenda'),
(35, 'Captura de Tela'),
(36, 'Circuito de TV'),
(37, 'Cliente de Banco de Dados'),
(38, 'Cliente de Controle de Versão'),
(39, 'Cliente de e-mail'),
(40, 'Cliente de LDAP'),
(41, 'Compactação de Arquivos'),
(42, 'Comparação de Arquivos'),
(43, 'Compartilhamento de Arquivos'),
(44, 'Compêndios'),
(45, 'Computação Distribuída'),
(47, 'Computação Numérica'),
(48, 'Container'),
(49, 'Controle de Chamados de Suporte'),
(50, 'Controle de Hospedagem'),
(51, 'Controle de Versão'),
(52, 'Crawler'),
(53, 'Criação de Portais Corporativos'),
(54, 'Criptografia'),
(55, 'Dashboard'),
(56, 'Data Analysys Expression'),
(57, 'Desenvolvimento de API'),
(58, 'Detecção de Intrusão'),
(59, 'DHCP'),
(60, 'Diagramação'),
(61, 'Diagramas'),
(62, 'Distribuição de Software'),
(63, 'DNS'),
(64, 'E-mail'),
(65, 'E-mail Marketing'),
(66, 'Edição 3D'),
(67, 'Edição de Áudio'),
(68, 'Edição de Imagens'),
(69, 'Editor de Texto'),
(70, 'Editor HTML WYSIWYG'),
(71, 'Emulação de Terminal'),
(72, 'Ensino de Programação'),
(73, 'Estatística'),
(74, 'Filtro de Conteúdo'),
(75, 'Firewall'),
(76, 'Forense Computacional'),
(77, 'Fóruns'),
(78, 'Fotografia Panorâmica'),
(79, 'Framework'),
(80, 'FTP'),
(81, 'Genética'),
(82, 'Geração de Gráficos'),
(83, 'Geração de Mapas'),
(84, 'Gerenciamento de Atendimento Presencial'),
(85, 'Gerenciamento de Coleções'),
(86, 'Gerenciamento de Coleções Biológicas'),
(87, 'Gerenciamento de Configuração'),
(88, 'Gerenciamento de Conteúdo'),
(89, 'Gerenciamento de Dados'),
(90, 'Gerenciamento de Dependências'),
(91, 'Gerenciamento de Distribuições Linux'),
(92, 'Gerenciamento de Documentos'),
(93, 'Gerenciamento de Endereços IP'),
(94, 'Gerenciamento de Identidade'),
(95, 'Gerenciamento de Periódicos'),
(96, 'Gerenciamento de Projetos'),
(97, 'Gerenciamento de Referências Bibliográficas'),
(98, 'Gerenciamento de Repositório'),
(99, 'Gerenciamento de Riscos'),
(100, 'Gerenciamento de Senhas'),
(101, 'Gerenciamento de Serviços'),
(102, 'Gerenciamento de Universidade'),
(103, 'Gestão de Aprendizagem'),
(104, 'Gestão de Conferências'),
(105, 'Gestão de Documentos'),
(106, 'Gestão do Planejamento Estratégico'),
(107, 'Gestão Escolar'),
(108, 'Gestão Integrada'),
(109, 'Gráfico de Rede'),
(110, 'Grafos'),
(111, 'Groupware'),
(112, 'Helpdesk'),
(113, 'IDE'),
(114, 'IMAP e POP3'),
(115, 'Impressão'),
(116, 'Indexação'),
(117, 'Informação Geográfica'),
(118, 'Inspeção de Código'),
(119, 'Integração com Windows'),
(120, 'Integração Contínua'),
(121, 'Navegador de Internet'),
(122, 'Inventário'),
(123, 'ITIL'),
(124, 'Kanban'),
(125, 'LaTeX'),
(126, 'LDAP'),
(127, 'Linguagem de Programação/Compilador'),
(128, 'Mapas Mentais'),
(129, 'Marketing'),
(130, 'Matemática'),
(131, 'Memorização'),
(132, 'Mensageria'),
(133, 'Metal as a Service'),
(134, 'Mineração de Dados'),
(135, 'Modelagem 3D'),
(136, 'Modelagem de Banco de Dados'),
(137, 'Modelagem de Processos'),
(138, 'Modelagem UML'),
(139, 'Monitoramento'),
(140, 'NTP'),
(141, 'Ontologia'),
(142, 'Ouvidoria'),
(143, 'Participação Social'),
(144, 'PDF'),
(145, 'Performance'),
(146, 'Plataforma de Nuvem'),
(147, 'Plataforma de Vídeo Online'),
(148, 'Preservação Digital'),
(149, 'Processamento de Imagens'),
(150, 'Prototipação de Interfaces com Usuário'),
(151, 'Push Notification'),
(152, 'Questionários'),
(153, 'Química Computacional'),
(154, 'Rastreamento de Tarefas'),
(155, 'Reconhecimento de Imagens'),
(156, 'Rede Virtual Privada'),
(157, 'Redes Sociais'),
(158, 'Relatórios'),
(159, 'Repositório de Arquivos'),
(160, 'Repositório de Periódicos'),
(161, 'Reprodução de Vídeo'),
(162, 'Saúde Pública'),
(163, 'Servidor de Aplicação Web'),
(164, 'Simulação de Eventos'),
(165, 'Simulação Veicular'),
(166, 'Sincronização de Arquivos'),
(167, 'Sistemas Operacionais'),
(168, 'SMTP'),
(169, 'Spam'),
(170, 'SSH e Telnet'),
(171, 'Streaming'),
(172, 'Suíte de Escritório'),
(173, 'Switch'),
(174, 'Testes'),
(175, 'Transcrição de Áudio'),
(176, 'Virtualização'),
(177, 'Visão Computacional'),
(178, 'Visualização de Dados'),
(179, 'Visualização de Documentos'),
(180, 'Visualização Molecular'),
(181, 'Visualizador DjVu'),
(182, 'VOIP'),
(183, 'Votação Online'),
(184, 'Webconferência'),
(185, 'Webmail'),
(186, 'Wiki'),
(187, 'Gerenciamento de Pacotes'),
(188, 'Gerenciamento de Downloads'),
(189, 'Conversor de Documentos'),
(190, 'ERP'),
(191, 'Fila'),
(192, 'Agropecuária'),
(193, 'Gerenciamento de Informação de Laboratório'),
(194, 'Cliente de Internet'),
(195, 'Edição de Vídeo'),
(196, 'GUI'),
(197, 'Data e hora'),
(198, 'Gravação de CD/DVD'),
(199, 'Criação de Disco de Boot'),
(200, 'Prevenção de LER/DORT'),
(201, 'Filtro de Entrada de Dados'),
(202, 'Recuperação de Disco'),
(203, 'Visualização de Processos'),
(204, 'Quebra de Senhas'),
(205, 'Text-To-Speech'),
(206, 'Registro de Candidaturas'),
(207, 'Criação de Legenda'),
(208, 'Limpeza do PC'),
(209, 'Impressao 3D'),
(210, 'Visualização de Imagens'),
(211, 'Arrecadação de Impostos'),
(212, 'Gerenciamento de Fontes'),
(213, 'Segurança de Transporte'),
(215, 'Processamento de Linguagem Natural'),
(216, 'Redes Neurais'),
(217, 'Gerenciamento de Nuvem'),
(218, 'Criação de Tutoriais'),
(219, 'Música'),
(220, 'Roteamento de Rede'),
(221, 'MOOC'),
(222, 'Simulação de Projetos'),
(223, 'Jogos'),
(224, 'Robótica'),
(225, 'Licitações'),
(226, 'Concursos'),
(227, 'Gestão de Crédito'),
(228, 'Orçamento Participativo'),
(229, 'Gestão de Refeitórios'),
(230, 'Gestão de Contratos'),
(231, 'Gestão de Plano de Saúde'),
(232, 'Gestão de Pessoas'),
(233, 'Animação'),
(234, 'Projeto de Circuitos Eletrônicos'),
(235, 'Emulação de Celular'),
(236, 'Engenharia'),
(237, 'Gestão de Bibliotecas'),
(238, 'Gestão Acadêmica'),
(239, 'Gerenciamento de Infraestrutura'),
(240, 'Experiência do Usuário'),
(241, 'Desconhecida'),
(242, 'HTTP'),
(243, 'CMM'),
(244, 'Biologia'),
(245, 'Gerenciamento de Eventos'),
(246, 'Educacional'),
(247, 'Barramento de Integração'),
(248, 'Migração'),
(249, 'Câmera'),
(250, 'CODEC'),
(251, 'Chatbot'),
(252, 'Microscópio'),
(253, 'Simulação de Processos'),
(254, 'Contabilidade'),
(255, 'Análise de Sistemas Elétricos'),
(256, 'Análise Marinha');

-- --------------------------------------------------------

--
-- Estrutura para tabela `licenca`
--

CREATE TABLE `licenca` (
  `codigo` int NOT NULL,
  `nome` varchar(60) CHARACTER SET utf8 COLLATE utf8_unicode_ci NOT NULL,
  `livre` tinyint(1) NOT NULL DEFAULT '0'
) ENGINE=InnoDB DEFAULT CHARSET=latin1;

--
-- Despejando dados para a tabela `licenca`
--

INSERT INTO `licenca` (`codigo`, `nome`, `livre`) VALUES
(1, 'AFPL', 1),
(2, 'AGPL', 1),
(3, 'AGPL-3.0', 1),
(4, 'Amanda', 1),
(5, 'Anaconda', 1),
(6, 'Apache 2.0', 1),
(7, 'APL', 1),
(8, 'BSD', 1),
(9, 'BSD 2-Clause', 1),
(10, 'BSD 3-Clause', 1),
(11, 'CDDL', 1),
(12, 'Diversas Livres', 1),
(13, 'Domínio Público', 1),
(14, 'DSpace ', 1),
(15, 'Eclipse', 1),
(16, 'EUPL', 1),
(17, 'GPL', 1),
(18, 'GPL-2.0', 1),
(19, 'GPL-2.5', 1),
(20, 'GPL-3.0', 1),
(21, 'GPML', 1),
(22, 'ImageMagick', 1),
(23, 'ISC', 1),
(24, 'LaTeX', 1),
(25, 'Leptonica', 1),
(26, 'LGPL', 1),
(27, 'LGPL-2.0', 1),
(28, 'LGPL-2.1', 1),
(29, 'LGPL-3.0', 1),
(30, 'Microsoft Reciprocal License', 1),
(31, 'MIT', 1),
(32, 'MIT Expat License', 1),
(33, 'MPL', 1),
(34, 'MPL-2.0', 1),
(35, 'Não definida', 1),
(36, 'New BSD', 1),
(37, 'OCTLA', 1),
(38, 'OpenLDAP', 1),
(39, 'PHP-3.01', 1),
(40, 'PostgreSQL ', 1),
(41, 'PyMol', 1),
(42, 'Python', 1),
(43, 'SSPL-1.0', 1),
(44, 'UIUC', 1),
(45, 'Zend Framework', 1),
(46, 'zLIB', 1),
(47, 'ZPL', 1),
(48, 'Freeware', 0),
(49, 'Proprietária', 0),
(50, 'Windows License', 0),
(51, 'The Oracle Java License', 0),
(52, 'Red Hat', 0),
(53, 'Shareware', 0),
(80, 'Demoiselle Framework', 0),
(81, 'Sem licença', 0),
(82, 'PdfStream Dumper', 1),
(83, 'Software Público', 1),
(84, 'Coturn', 1),
(85, 'OpenResty', 1),
(87, 'x3270', 1),
(88, 'Artistic License', 1),
(89, 'UserFrosting', 1),
(90, 'IBM Public License', 1),
(91, 'Donationware', 0),
(92, 'PyTorch', 1),
(93, 'ASL', 1),
(94, 'Common Public License Version 1.0', 1),
(95, 'Source License', 1),
(96, 'Arachni Public Source License v1.0', 1),
(97, 'Creative Commons', 1),
(98, 'Academic Free License', 1),
(99, 'Django', 1),
(100, 'Descontinuado', 0),
(101, 'cocos2d', 1),
(102, 'WinPcap', 1),
(103, 'Haskell', 1);

-- --------------------------------------------------------

--
-- Estrutura para tabela `orgao`
--

CREATE TABLE `orgao` (
  `codigo` int NOT NULL,
  `nome` varchar(80) CHARACTER SET utf8 COLLATE utf8_unicode_ci NOT NULL,
  `tipo_orgao` int NOT NULL,
  `compra` tinyint(1) NOT NULL DEFAULT '0',
  `justifica` tinyint(1) NOT NULL DEFAULT '0',
  `semresposta` tinyint(1) NOT NULL DEFAULT '0',
  `depende` tinyint(1) NOT NULL DEFAULT '0',
  `sigla` varchar(20) CHARACTER SET utf8 COLLATE utf8_unicode_ci NOT NULL,
  `desenvolveusl` tinyint(1) NOT NULL DEFAULT '0',
  `pedidos` tinyint NOT NULL DEFAULT '1'
) ENGINE=InnoDB DEFAULT CHARSET=latin1;

--
-- Despejando dados para a tabela `orgao`
--

INSERT INTO `orgao` (`codigo`, `nome`, `tipo_orgao`, `compra`, `justifica`, `semresposta`, `depende`, `sigla`, `desenvolveusl`, `pedidos`) VALUES
(1, 'Universidade Federal do Acre', 8, 0, 0, 1, 0, 'UFAC', 0, 1),
(2, 'Universidade Federal do Amazonas', 8, 0, 0, 1, 0, 'UFAM', 0, 1),
(3, 'Universidade Federal do Oeste do Pará', 8, 0, 0, 1, 0, 'UFOPA', 0, 1),
(4, 'Universidade Federal do Pará', 8, 0, 0, 1, 0, 'UFPA', 0, 1),
(5, 'Universidade Federal Rural da Amazônia', 8, 0, 0, 1, 0, 'UFRA', 0, 1),
(6, 'Universidade Federal de Roraima', 8, 0, 0, 1, 0, 'UFRR', 0, 1),
(7, 'Universidade Federal de Tocantins', 8, 0, 0, 1, 0, 'UFT', 0, 1),
(8, 'Universidade Federal do Amapá', 8, 0, 0, 1, 0, 'UNIFAP', 0, 1),
(9, 'Universidade Federal do Sul e Sudeste do Pará', 8, 0, 0, 1, 0, 'UNIFESSPA', 0, 1),
(10, 'Universidade Federal de Rondônia', 8, 0, 0, 1, 0, 'UNIR', 0, 1),
(11, 'Universidade Federal de Alagoas', 8, 0, 0, 1, 0, 'UFAL', 0, 1),
(12, 'Universidade Federal da Bahia', 8, 0, 0, 1, 0, 'UFBA', 0, 1),
(13, 'Universidade Federal do Ceará', 8, 0, 0, 1, 0, 'UFC', 0, 1),
(14, 'Universidade Federal do Cariri', 8, 0, 0, 1, 0, 'UFCA', 0, 1),
(15, 'Universidade Federal de Campina Grande', 8, 0, 0, 1, 0, 'UFCG', 0, 1),
(16, 'Universidade Federal Rural do Semi-Árido', 8, 0, 0, 1, 0, 'UFERSA', 0, 1),
(17, 'Universidade Federal do Sul da Bahia', 8, 0, 0, 1, 0, 'UFESBA', 0, 1),
(18, 'Universidade Federal do Maranhão', 8, 0, 0, 1, 0, 'UFMA', 0, 1),
(19, 'Universidade Federal do Oeste da Bahia', 8, 0, 0, 1, 0, 'UFOB', 0, 1),
(20, 'Universidade Federal da Paraíba', 8, 0, 0, 1, 0, 'UFPB', 0, 1),
(21, 'Universidade Federal de Pernambuco', 8, 0, 0, 1, 0, 'UFPE', 0, 1),
(22, 'Universidade Federal do Piauí', 8, 0, 0, 1, 0, 'UFPI', 0, 1),
(23, 'Universidade Federal do Recôncavo da Bahia', 8, 0, 0, 1, 0, 'UFRB', 0, 1),
(24, 'Universidade Federal do Rio Grande do Norte', 8, 0, 0, 1, 0, 'UFRN', 0, 1),
(25, 'Universidade Federal Rural de Pernambuco', 8, 0, 0, 1, 0, 'UFRPE', 0, 1),
(26, 'Universidade Federal de Sergipe', 8, 0, 0, 1, 0, 'UFS', 0, 1),
(27, 'Universidade da Integração Internacional da Lusofonia Afro-Brasileira', 8, 0, 0, 1, 0, 'UNILAB', 0, 1),
(28, 'Universidade Federal do Vale do São Francisco', 8, 0, 0, 1, 0, 'UNIVASF', 0, 1),
(29, 'Universidade Federal do ABC', 8, 0, 0, 1, 0, 'UFABC', 0, 1),
(30, 'Universidade Federal do Espírito Santo', 8, 0, 0, 1, 0, 'UFES', 0, 1),
(31, 'Universidade Federal Fluminense', 8, 0, 0, 1, 0, 'UFF', 0, 1),
(32, 'Universidade Federal de Juiz de Fora', 8, 0, 0, 1, 0, 'UFJF', 0, 1),
(33, 'Universidade Federal de Lavras', 8, 0, 0, 1, 0, 'UFLA', 0, 1),
(34, 'Universidade Federal de Minas Gerais', 8, 0, 0, 1, 0, 'UFMG', 0, 1),
(35, 'Universidade Federal de Ouro Preto', 8, 0, 0, 1, 0, 'UFOP', 0, 1),
(36, 'Universidade Federal do Rio de Janeiro', 8, 0, 0, 1, 0, 'UFRJ', 0, 1),
(37, 'Universidade Federal Rural do Rio de Janeiro', 8, 0, 0, 1, 0, 'UFRRJ', 0, 1),
(38, 'Universidade Federal de São Carlos', 8, 0, 0, 1, 0, 'UFSCar', 0, 1),
(39, 'Universidade Federal de São João del-Rei', 8, 0, 0, 1, 0, 'UFSJ', 0, 1),
(40, 'Universidade Federal do Triângulo Mineiro', 8, 0, 0, 1, 0, 'UFTM', 0, 1),
(41, 'Universidade Federal de Uberlândia', 8, 0, 0, 1, 0, 'UFU', 0, 1),
(42, 'Universidade Federal de Viçosa', 8, 0, 0, 1, 0, 'UFV', 0, 1),
(43, 'Universidade Federal dos Vales do Jequitinhonha e do Mucuri', 8, 0, 0, 1, 0, 'UFVJM', 0, 1),
(44, 'Universidade Federal de Alfenas', 8, 0, 0, 1, 0, 'UNIFAL', 0, 1),
(45, 'Universidade Federal de Itajubá', 8, 0, 0, 1, 0, 'UNIFEI', 0, 1),
(46, 'Universidade Federal de São Paulo', 8, 0, 0, 1, 0, 'UNIFESP', 0, 1),
(47, 'Universidade Federal do Estado do Rio de Janeiro', 8, 0, 0, 1, 0, 'UNIRIO', 0, 1),
(48, 'Universidade Federal de Goiás', 8, 0, 0, 1, 0, 'UFG', 0, 1),
(49, 'Universidade Federal da Grande Dourados', 8, 0, 0, 1, 0, 'UFGD', 0, 1),
(50, 'Universidade Federal de Mato Grosso do Sul', 8, 0, 0, 1, 0, 'UFMS', 0, 1),
(51, 'Universidade Federal de Mato Grosso', 8, 0, 0, 1, 0, 'UFMT', 0, 1),
(52, 'Universidade de Brasília', 8, 0, 0, 1, 0, 'UnB', 0, 1),
(53, 'Universidade Federal do Rio Grande', 8, 0, 0, 1, 0, 'FURG', 0, 1),
(54, 'Universidade Federal de Ciências da Saúde de Porto Alegre', 8, 0, 0, 1, 0, 'UFCSPA', 0, 1),
(55, 'Universidade Federal da Fronteira Sul', 8, 0, 0, 1, 0, 'UFFS', 0, 1),
(56, 'Universidade Federal de Pelotas', 8, 0, 0, 1, 0, 'UFPEL', 0, 1),
(57, 'Universidade Federal do Paraná', 8, 0, 0, 1, 0, 'UFPR', 0, 1),
(58, 'Universidade Federal do Rio Grande do Sul', 8, 0, 0, 1, 0, 'UFRGS', 0, 1),
(59, 'Universidade Federal de Santa Catarina', 8, 0, 0, 1, 0, 'UFSC', 0, 1),
(60, 'Universidade Federal de Santa Maria', 8, 0, 0, 1, 0, 'UFSM', 0, 1),
(61, 'Universidade Federal da Integração Latino-Americana', 8, 0, 0, 1, 0, 'UNILA', 0, 1),
(62, 'Universidade Federal do Pampa', 8, 0, 0, 1, 0, 'UNIPAMPA', 0, 1),
(63, 'Universidade Tecnológica Federal do Paraná', 8, 0, 0, 1, 0, 'UTFPR', 0, 1),
(64, 'Ministério da Defesa', 7, 0, 0, 1, 0, 'MD', 0, 1),
(65, 'Ministério da Agricultura', 7, 0, 0, 1, 0, 'MAPA', 0, 1),
(66, 'Ministério da Cidadania', 7, 0, 0, 1, 0, 'MCIDADANIA', 0, 1),
(67, 'Ministério da Ciência e Tecnologia', 7, 0, 0, 1, 0, 'MCTIC', 0, 1),
(68, 'Ministério do Desenvolvimento Regional', 7, 0, 0, 1, 0, 'MDR', 0, 1),
(69, 'Ministério da Economia', 7, 0, 0, 1, 0, 'ME', 1, 1),
(70, 'Ministério da Educação', 7, 0, 0, 1, 0, 'MEC', 1, 1),
(71, 'Ministério da Infraestrutura', 7, 0, 0, 1, 0, 'MINFRA', 0, 1),
(72, 'Ministério do Meio Ambiente', 7, 0, 0, 1, 0, 'MMA', 1, 1),
(73, 'Ministério de Minas e Energia', 7, 0, 0, 1, 0, 'MME', 0, 1),
(74, 'Ministério da Mulher', 7, 0, 0, 1, 0, 'MMFDH', 0, 1),
(75, 'Ministério das Relações Exteriores', 7, 0, 0, 1, 0, 'MRE', 0, 2),
(76, 'Ministério da Saúde', 7, 0, 0, 1, 0, 'MS', 0, 1),
(77, 'Ministério do Turismo', 7, 0, 0, 1, 0, 'MTur', 0, 1),
(78, 'Centrais Elétricas Brasileiras S.A.', 3, 0, 0, 0, 1, 'ELETROBRAS', 0, 1),
(79, 'Petróleo Brasileiro S.A.', 3, 0, 0, 1, 0, 'PETROBRAS', 0, 1),
(81, 'BANCO DO BRASIL', 3, 0, 0, 0, 1, 'BB', 1, 1),
(82, 'CAIXA ECONÔMICA FEDERAL', 3, 0, 0, 1, 0, 'CEF', 0, 1),
(83, 'Serviço Federal de Processamento de Dados', 3, 0, 0, 1, 0, 'SERPRO', 1, 1),
(84, 'Empresa de Tecnologia e Informações da Previdência', 1, 0, 0, 1, 0, 'DATAPREV', 1, 1),
(85, 'Câmara dos Deputados', 6, 0, 0, 0, 1, 'Câmara', 1, 1),
(86, 'Senado Federal', 6, 0, 0, 0, 1, '', 1, 1),
(87, 'Supremo Tribunal Federal', 5, 0, 0, 0, 1, 'STF', 0, 1),
(88, 'Agência Brasileira Gestora de Fundos Garantidores', 1, 1, 0, 0, 0, 'ABGF', 0, 1),
(89, 'Agência Espacial Brasileira', 1, 0, 0, 0, 1, 'AEB', 0, 1),
(90, 'Agência Nacional de Telecomunicações', 1, 0, 0, 0, 1, 'ANATEL', 0, 1),
(91, 'Agência Nacional do Cinema', 1, 0, 0, 1, 0, 'ANCINE', 0, 1),
(92, 'Agência Nacional de Águas', 1, 1, 0, 0, 0, 'ANA', 0, 1),
(93, 'Agência Nacional de Aviação Civil', 1, 0, 0, 0, 1, 'ANAC', 0, 1),
(94, 'Agência Nacional de Mineração', 1, 0, 0, 0, 1, 'ANM', 0, 1),
(95, 'Agência Nacional de Energia Elétrica', 1, 0, 0, 0, 1, 'ANEEL', 0, 1),
(96, 'Agência Nacional do Petróleo, Gás Natural e Biocombustíveis', 1, 0, 0, 0, 1, 'ANP', 0, 1),
(97, 'Agência Nacional de Saúde Suplementar', 1, 0, 0, 1, 0, 'ANS', 1, 1),
(98, 'Agência Nacional de Transportes Aquaviários', 1, 1, 0, 0, 0, 'ANTAQ', 0, 1),
(99, 'Agência Nacional de Transportes Terrestres', 1, 0, 0, 1, 0, 'ANTT', 0, 1),
(100, 'Agência Nacional de Vigilância Sanitária', 1, 0, 0, 0, 1, 'ANVISA', 0, 1),
(101, 'Centro de Tecnologia Mineral', 2, 1, 0, 0, 0, 'CETEM', 0, 1),
(102, 'Centro de Tecnologias Estratégicas do Nordeste', 2, 0, 0, 0, 1, 'CETENE', 0, 2),
(103, 'Amazonas Geração e Transmissão de Energia S.A.', 3, 0, 1, 0, 0, 'AMAZONAS', 0, 1),
(104, 'Amazônia Azul Tecnologias de Defesa S.A.', 1, 1, 0, 0, 0, 'AMAZUL', 0, 1),
(105, 'BB Tecnologia e Serviços', 3, 0, 0, 0, 1, '', 1, 1),
(106, 'BBTur Viagens e Turismo Ltda', 3, 0, 0, 1, 0, 'BBTur', 0, 1),
(107, 'Companhia Brasileira de Trens Urbanos', 3, 0, 0, 0, 1, 'CBTU', 0, 1),
(108, 'Companhia Docas do Ceará', 3, 1, 0, 0, 0, 'CDC', 0, 1),
(109, 'Companhia Docas do Pará', 3, 0, 0, 0, 1, 'CDP', 0, 1),
(110, 'Companhia Docas do Rio de Janeiro', 3, 0, 0, 0, 1, 'CDRJ', 0, 1),
(111, 'Centrais de Abastecimento de Minas Gerais S.A.', 3, 0, 0, 1, 0, 'CEASA-MG', 0, 1),
(112, 'Companhia Nacional de Abastecimento', 3, 0, 0, 0, 1, 'CONAB', 1, 1),
(113, 'Centrais Elétricas do Norte do Brasil S.A.', 3, 0, 0, 0, 1, 'ELETRONORTE', 0, 1),
(114, 'Eletrobrás Termonuclear S.A.', 3, 1, 0, 0, 0, 'ELETRONUCLEAR', 0, 1),
(115, 'ELETROPAR', 1, 0, 1, 0, 0, 'ELETROPAR', 0, 1),
(116, 'Companhia de Geração e Transmissão de Energia Elétrica do Sul do Brasil', 3, 0, 0, 0, 1, 'ELETROSUL', 0, 1),
(117, 'Empresa Brasileira de Pesquisa Agropecuária', 3, 1, 0, 0, 0, 'EMBRAPA', 1, 1),
(118, 'Empresa Gestora de Ativos', 3, 0, 0, 0, 1, 'EMGEA', 0, 1),
(119, 'Empresa Gerencial de Projetos Navais', 3, 0, 0, 0, 1, 'EMGEPRON', 0, 1),
(120, 'Furnas Centrais Elétricas S.A.', 3, 0, 0, 0, 1, 'FURNAS', 0, 1),
(121, 'Indústria de Material Bélico do Brasil', 3, 1, 0, 0, 0, 'IMBEL', 0, 2),
(122, 'Indústrias Nucleares do Brasil S.A.', 3, 0, 0, 0, 1, 'INB', 0, 1),
(123, 'Nuclebrás Equipamentos Pesados S.A.', 3, 0, 0, 0, 1, 'NUCLEP', 0, 1),
(124, 'Empresa Brasileira de Administração de Petróleo e Gás Natural S.A.', 3, 0, 0, 0, 1, 'Pré-Sal Petróleo S.A', 0, 1),
(125, 'Petrobras Transporte S.A', 3, 1, 0, 0, 0, 'TRANSPETRO', 0, 1),
(126, 'Empresa de Trens Urbanos de Porto Alegre S.A.', 3, 0, 0, 0, 1, 'TRENSURB', 0, 1),
(127, 'Engenharia, Construções e Ferrovias S.A.', 3, 0, 0, 0, 1, 'VALEC', 0, 1),
(128, 'Companhia de Entrepostos e Armazéns Gerais de São Paulo', 3, 0, 0, 0, 1, 'CEAGESP', 0, 1),
(129, 'Empresa Brasileira de Correios e Telégrafos', 3, 0, 0, 0, 1, 'ECT', 0, 1),
(130, 'Advocacia Geral da União', 9, 1, 0, 0, 0, 'AGU', 0, 1),
(131, 'Autoridade Portuária de Santos S.A.', 9, 0, 0, 0, 1, '', 0, 1),
(132, 'Arquivo Nacional', 9, 0, 0, 0, 1, 'AN', 0, 1),
(133, 'Instituto Federal de Educação, Ciência e Tecnologia da Bahia', 4, 0, 0, 1, 0, 'IFBA', 0, 1),
(134, 'Instituto Federal de Educação, Ciência e Tecnologia do Acre', 4, 0, 0, 0, 1, 'IFAC', 0, 1),
(135, 'Instituto Federal de Educação, Ciência e Tecnologia de Alagoas', 4, 0, 0, 0, 1, 'IFAL', 0, 1),
(136, 'Instituto Federal de Educação, Ciência e Tecnologia do Amazonas', 4, 0, 0, 0, 1, 'IFAM', 0, 1),
(137, 'Instituto Federal de Educação, Ciência e Tecnologia do Amapá', 4, 0, 0, 1, 0, 'IFAP', 0, 1),
(138, 'Instituto Federal de Educação, Ciência e Tecnologia de Brasília', 4, 1, 0, 0, 0, 'IFB', 0, 1),
(139, 'Instituto Federal de Educação, Ciência e Tecnologia Baiano', 4, 1, 0, 0, 0, 'IF BAIANO', 0, 1),
(140, 'Instituto Federal de Educação, Ciência e Tecnologia Catarinense', 4, 0, 0, 0, 1, 'IFC', 0, 1),
(141, 'Instituto Federal de Educação, Ciência e Tecnologia do Ceará', 4, 0, 0, 0, 1, 'IFCE', 0, 1),
(142, 'Instituto Federal de Educação, Ciência e Tecnologia Farroupilha', 4, 0, 0, 0, 1, 'IFFAR', 0, 1),
(143, 'Instituto Federal de Educação, Ciência e Tecnologia Fluminense', 4, 0, 0, 1, 0, 'IF FLUMINENSE', 0, 1),
(144, 'Instituto Federal de Educação, Ciência e Tecnologia de Goiás', 4, 0, 0, 0, 1, 'IFG', 0, 1),
(145, 'Instituto Federal de Educação, Ciência e Tecnologia Goiano', 4, 0, 0, 0, 1, 'IF GOIANO', 0, 1),
(146, 'Instituto Federal de Educação, Ciência e Tecnologia do Maranhão', 4, 0, 0, 0, 1, 'IFMA', 0, 1),
(147, 'Instituto Federal de Educação, Ciência e Tecnologia de Minas Gerais', 4, 0, 0, 0, 1, 'IFMG', 1, 1),
(148, 'Instituto Federal de Educação, Ciência e Tecnologia do Sudeste de Minas Gerais', 4, 0, 0, 1, 0, 'IFMGSE', 0, 1),
(149, 'Instituto Federal de Educação, Ciência e Tecnologia do Mato Grosso do Sul', 4, 0, 0, 1, 0, 'IFMS', 0, 1),
(150, 'Instituto Federal de Educação, Ciência e Tecnologia do Mato Grosso', 4, 0, 0, 0, 1, 'IFMT', 0, 1),
(151, 'Instituto Federal de Educação, Ciência e Tecnologia do Norte de Minas Gerais', 4, 0, 0, 0, 1, 'IFNMG', 0, 1),
(152, 'Instituto Federal de Educação, Ciência e Tecnologia do Pará', 4, 0, 0, 1, 0, 'IFPA', 0, 1),
(153, 'Instituto Federal de Educação, Ciência e Tecnologia da Paraíba', 4, 0, 0, 0, 1, 'IFPB', 0, 1),
(154, 'Instituto Federal de Educação, Ciência e Tecnologia de Pernambuco', 4, 1, 0, 0, 0, 'IFPE', 0, 1),
(155, 'Instituto Federal de Educação, Ciência e Tecnologia do Piauí', 4, 1, 0, 0, 0, 'IFPI', 0, 1),
(156, 'Instituto Federal de Educação, Ciência e Tecnologia do Paraná', 4, 0, 0, 0, 1, 'IFPR', 1, 1),
(157, 'Instituto Federal de Educação, Ciência e Tecnologia do Rio de Janeiro', 4, 0, 0, 0, 1, 'IFRJ', 0, 1),
(158, 'Instituto Federal de Educação, Ciência e Tecnologia do Rio Grande do Norte', 4, 0, 0, 0, 1, 'IFRN', 0, 1),
(159, 'Instituto Federal de Educação, Ciência e Tecnologia de Rondônia', 4, 0, 0, 0, 1, 'IFRO', 0, 1),
(160, 'Instituto Federal de Educação, Ciência e Tecnologia de Roraima', 4, 0, 0, 0, 1, 'IFRR', 0, 1),
(161, 'Instituto Federal de Educação, Ciência e Tecnologia do Rio Grande do Sul', 4, 1, 0, 0, 0, 'IFRS', 0, 1),
(162, 'Instituto Federal de Educação, Ciência e Tecnologia de Santa Catarina', 4, 0, 0, 1, 0, 'IFSC', 0, 1),
(163, 'Instituto Federal de Educação, Ciência e Tecnologia de São Paulo', 4, 0, 0, 0, 1, 'IFSP', 0, 1),
(164, 'Instituto Federal de Educação, Ciência e Tecnologia do Sertão Pernambucano', 4, 0, 0, 1, 0, 'IFSPE', 0, 1),
(165, 'Instituto Federal de Educação, Ciência e Tecnologia Sul-Rio- Grandense', 4, 0, 0, 1, 0, 'IFSul', 0, 1),
(166, 'Instituto Federal de Educação, Ciência e Tecnologia do Sul de Minas Gerais', 4, 0, 0, 1, 0, 'IFSULDEMINAS', 0, 1),
(167, 'Instituto Federal de Educação, Ciência e Tecnologia do Triângulo Mineiro', 4, 0, 0, 0, 1, 'IFTM', 0, 1),
(168, 'Instituto Federal de Educação, Ciência e Tecnologia do Tocantins', 4, 0, 0, 0, 1, 'IFTO', 0, 1);

-- --------------------------------------------------------

--
-- Estrutura para tabela `protocolo`
--

CREATE TABLE `protocolo` (
  `codigo` int NOT NULL,
  `nome` varchar(80) CHARACTER SET utf8 COLLATE utf8_unicode_ci NOT NULL
) ENGINE=InnoDB DEFAULT CHARSET=latin1;

--
-- Despejando dados para a tabela `protocolo`
--

INSERT INTO `protocolo` (`codigo`, `nome`) VALUES
(1, 'NFS – Network File System'),
(2, 'DNS – Domain Name System'),
(3, 'DHCP - Dynamic Host Configuration Protocol'),
(4, 'VPN – Virtual Private Network'),
(5, 'SMTP - Simple Mail Transfer Protocol'),
(6, 'CAS – Central Authentication Service'),
(7, 'RADIUS – Remote Authentication Dial In User Service'),
(8, 'SPF – Sender Policy Framework'),
(9, 'DKIM - DomainKeys Identified Mail'),
(10, 'WebStandards (HTML, CSS, Javascript, SVG, HTTP)'),
(11, 'TEX'),
(12, 'HTML – Hypertext Markup Language'),
(13, 'Javascript (implementação do ECMAScript)'),
(14, 'PWA (Progressive Web Application)'),
(15, 'OAuth'),
(16, 'Let\'s Encrypt');

-- --------------------------------------------------------

--
-- Estrutura para tabela `protocolo_orgao`
--

CREATE TABLE `protocolo_orgao` (
  `codigo_protocolo` int NOT NULL,
  `codigo_orgao` int NOT NULL
) ENGINE=InnoDB DEFAULT CHARSET=utf8 COLLATE=utf8_unicode_ci;

--
-- Despejando dados para a tabela `protocolo_orgao`
--

INSERT INTO `protocolo_orgao` (`codigo_protocolo`, `codigo_orgao`) VALUES
(1, 29),
(1, 137),
(1, 145),
(2, 57),
(3, 57),
(4, 57),
(5, 57),
(6, 57),
(7, 43),
(8, 43),
(9, 43),
(10, 63),
(10, 131),
(10, 167),
(11, 19),
(12, 55),
(12, 76),
(13, 76),
(13, 84),
(14, 76),
(15, 163),
(16, 69);

-- --------------------------------------------------------

--
-- Estrutura para tabela `software`
--

CREATE TABLE `software` (
  `codigo` int NOT NULL,
  `nome` varchar(80) CHARACTER SET utf8 COLLATE utf8_unicode_ci NOT NULL,
  `codigo_categoria` int NOT NULL,
  `website` varchar(180) CHARACTER SET utf8 COLLATE utf8_unicode_ci NOT NULL,
  `codigo_licenca` int NOT NULL,
  `observacoes` varchar(255) CHARACTER SET utf8 COLLATE utf8_unicode_ci NOT NULL DEFAULT ''
) ENGINE=InnoDB DEFAULT CHARSET=latin1;

--
-- Despejando dados para a tabela `software`
--

INSERT INTO `software` (`codigo`, `nome`, `codigo_categoria`, `website`, `codigo_licenca`, `observacoes`) VALUES
(1, '.NET Framework', 79, 'https://docs.microsoft.com/pt-br/dotnet/core/', 31, ''),
(2, '389 Directory Server', 126, 'https://directory.fedoraproject.org/', 20, ''),
(3, 'AeroGear', 151, 'https://aerogear.org/', 6, ''),
(4, 'Agatha', 99, 'https://softwarepublico.gov.br/social/agatha', 20, ''),
(5, 'Alfresco', 92, 'https://www.alfresco.com/', 29, ''),
(6, 'AliView', 178, 'https://ormbunkar.se/aliview/', 20, ''),
(7, 'Amanda Network Backup', 26, 'http://www.amanda.org/', 4, ''),
(8, 'Amavis', 74, 'https://www.amavis.org/', 17, ''),
(9, 'Anaconda', 73, 'https://www.anaconda.com/distribution/', 5, ''),
(10, 'Android Studio', 113, 'https://developer.android.com/studio', 6, ''),
(11, 'Angular', 79, 'https://angular.io/', 31, ''),
(12, 'Anki', 131, 'https://apps.ankiweb.net/', 3, ''),
(13, 'Ansible', 87, 'https://www.ansible.com/', 20, ''),
(14, 'Ant', 62, 'https://ant.apache.org/', 6, ''),
(15, 'Apache (HTTP Server)', 163, 'https://httpd.apache.org/', 6, ''),
(16, 'Apache Directory Studio', 126, 'https://directory.apache.org/studio/', 6, ''),
(17, 'Apache Solr', 31, 'https://lucene.apache.org/solr/', 6, ''),
(18, 'Apache SuperSet', 32, 'https://superset.apache.org/', 6, ''),
(19, 'Apache Tomcat', 163, 'http://tomcat.apache.org/', 6, ''),
(20, 'API Umbrella', 14, 'https://apiumbrella.io/', 31, ''),
(21, 'AppInventor', 113, 'https://github.com/mit-cml/appinventor-sources', 6, ''),
(22, 'Archiva', 98, 'https://archiva.apache.org/', 6, ''),
(23, 'Archivematica', 18, 'https://www.archivematica.org', 3, ''),
(24, 'ArgoUML', 138, 'http://www.argouml.tigris.org/', 8, ''),
(25, 'Ases', 1, 'https://softwarepublico.gov.br/social/ases', 18, ''),
(26, 'Assinador Digital Serpro', 19, 'https://github.com/demoiselle/signer', 29, ''),
(27, 'Asterisk', 182, 'https://www.asterisk.org/', 18, ''),
(28, 'AtoM', 18, 'https://www.accesstomemory.org', 3, ''),
(29, 'Audacity', 67, 'https://www.audacityteam.org/', 18, ''),
(30, 'AutoDock', 153, 'http://autodock.scripps.edu/', 17, ''),
(31, 'Autopsy', 76, 'https://www.sleuthkit.org/autopsy/', 6, ''),
(32, 'Avogadro', 153, 'https://avogadro.cc/', 18, ''),
(33, 'AWStats', 139, 'https://awstats.sourceforge.io/', 17, ''),
(34, 'AWX', 87, 'https://github.com/ansible/awx/', 6, ''),
(35, 'Bacula', 26, 'https://www.bacula.org/', 20, ''),
(36, 'Bareos', 26, 'https://www.bareos.org', 3, ''),
(37, 'BEAST', 153, 'https://beast.community/', 28, ''),
(38, 'BehaviorSearch', 73, 'http://www.behaviorsearch.org/', 8, ''),
(39, 'Big Blue Button', 184, 'https://bigbluebutton.org/', 81, ''),
(40, 'Bind9', 63, 'https://github.com/isc-projects/bind9', 33, ''),
(41, 'Blender', 66, 'https://www.blender.org/', 17, ''),
(42, 'Bluefish', 113, 'http://bluefish.openoffice.nl/index.html', 17, ''),
(43, 'Bonita', 24, 'https://www.bonitasoft.com/', 18, ''),
(44, 'Booked', 34, 'https://sourceforge.net/projects/phpscheduleit/', 20, ''),
(45, 'Bootstrap', 79, 'https://getbootstrap.com/', 31, ''),
(46, 'brModelo', 136, 'http://www.sis4.com/brModelo', 20, ''),
(47, 'BROffice', 172, 'https://pt-br.libreoffice.org/', 29, ''),
(48, 'Cacic', 122, 'https://softwarepublico.gov.br/social/cacic/', 18, ''),
(49, 'Cacti', 109, 'https://www.cacti.net', 18, ''),
(50, 'Calico', 48, 'https://www.projectcalico.org/', 6, ''),
(51, 'Camunda Modeler', 137, 'https://camunda.com/', 31, ''),
(52, 'CentOS', 167, 'https://www.centos.org/', 17, ''),
(53, 'CEPH', 45, 'https://ceph.io/', 29, ''),
(55, 'Checkstyle', 174, 'https://checkstyle.sourceforge.io/', 28, ''),
(56, 'Chromium', 121, 'https://chromium.googlesource.com/chromium/src', 8, ''),
(57, 'CKAN', 89, 'https://ckan.org/', 2, ''),
(58, 'Ckeditor', 69, 'https://ckeditor.com/', 17, ''),
(59, 'ClamAV', 13, 'https://www.clamav.net/', 17, ''),
(60, 'Clonezilla', 176, 'https://clonezilla.org/', 18, ''),
(61, 'CloudFoundry CLI', 146, 'https://github.com/cloudfoundry/cli', 6, ''),
(62, 'CMDBuild', 122, 'https://www.cmdbuild.org/', 2, ''),
(63, 'Cobertura', 174, 'https://github.com/cobertura/cobertura', 18, ''),
(64, 'COCAR', 139, 'https://softwarepublico.gov.br/social/cocar', 18, ''),
(65, 'Code::Blocks', 113, 'http://www.codeblocks.org/', 20, ''),
(66, 'CodeIgniter', 79, 'https://codeigniter.com/', 31, ''),
(67, 'Consel', 73, 'http://stat.sys.i.kyoto-u.ac.jp/prog/consel/', 18, ''),
(68, 'Continuum', 120, 'https://continuum.apache.org/', 6, ''),
(69, 'Cordova', 113, 'https://cordova.apache.org/', 6, ''),
(70, 'CoreOS', 48, 'http://coreos.com/', 6, ''),
(71, 'Courier IMAP', 114, 'https://www.courier-mta.org/imap/', 17, ''),
(72, 'Cucumber', 174, 'https://cucumber.io/', 31, ''),
(73, 'Cups', 115, 'https://www.cups.org/', 6, ''),
(74, 'CVS', 51, 'https://www.nongnu.org/cvs/', 17, ''),
(75, 'Cyrus', 114, 'https://www.cyrusimap.org/', 8, ''),
(76, 'DaxStudio', 56, 'https://daxstudio.org/', 30, ''),
(77, 'DBDesigner4', 136, 'https://fabforce.eu/dbdesigner4/', 17, ''),
(78, 'DBeaver ', 37, 'https://dbeaver.io/', 6, ''),
(79, 'Debian', 167, 'https://www.debian.org', 17, ''),
(80, 'Demoiselle', 79, 'https://www.frameworkdemoiselle.gov.br/', 29, ''),
(81, 'Demoiselle Behave', 174, 'https://github.com/demoiselle/behave', 20, ''),
(82, 'Derby', 28, 'https://db.apache.org/derby/', 6, ''),
(83, 'DevC++', 113, 'https://sourceforge.net/projects/orwelldevcpp/', 20, ''),
(84, 'DHCPD', 59, 'https://gitlab.isc.org/isc-projects/dhcp', 23, ''),
(85, 'Dia', 61, 'http://dia-installer.de/', 17, ''),
(86, 'Docker', 48, 'https://www.docker.com/', 6, ''),
(87, 'DokuWiki', 186, 'https://www.dokuwiki.org', 18, ''),
(88, 'Dovecot', 114, 'https://www.dovecot.org/', 31, ''),
(89, 'Draw.io', 61, 'https://github.com/jgraph/drawio', 6, ''),
(90, 'Drupal', 88, 'https://www.drupal.org/', 18, ''),
(91, 'DSpace ', 159, 'https://duraspace.org/dspace/', 14, ''),
(92, 'e-democracia ', 143, 'https://github.com/eDemocracia/edemocracia', 20, ''),
(93, 'Eclipse', 113, 'https://www.eclipse.org/', 15, ''),
(94, 'eGroupware', 111, 'https://www.egroupware.org', 18, ''),
(95, 'ElasticSearch', 28, 'https://www.elastic.co/pt/elasticsearch', 6, ''),
(96, 'Elastix', 182, 'https://www.elastix.org/', 19, ''),
(97, 'Epi Info', 162, 'https://www.cdc.gov/epiinfo/por/pt_index.html', 6, ''),
(98, 'Exim', 168, 'https://www.exim.org/', 17, ''),
(99, 'Expresso', 111, 'http://www.expressolivre.org/', 18, ''),
(100, 'ExpressoV3', 111, 'https://gitlab.com/expresso_livre/Expresso', 3, ''),
(101, 'Fail2Ban', 58, 'https://www.fail2ban.org', 18, ''),
(102, 'Fedora', 167, 'https://getfedora.org', 17, ''),
(103, 'Filezilla', 80, 'https://filezilla-project.org/', 18, ''),
(104, 'Firebird', 28, 'https://firebirdsql.org/', 33, ''),
(105, 'Firewall', 75, 'http://www.postfwd.org/', 8, ''),
(106, 'FluentBit', 139, 'https://fluentbit.io/', 6, ''),
(107, 'Flumotion', 171, 'http://www.flumotion.net/', 28, ''),
(108, 'Flutter', 113, 'https://flutter.dev', 36, ''),
(109, 'ForPDI/ForRisco', 102, 'https://github.com/forpdi', 6, ''),
(110, 'Free Pascal', 127, 'https://www.freepascal.org/', 17, ''),
(111, 'FreeBSD', 167, 'https://www.freebsd.org/', 8, ''),
(112, 'FreeCAD', 135, 'https://www.freecadweb.org/', 27, ''),
(113, 'FreeIPA', 94, 'https://www.freeipa.org', 20, ''),
(114, 'Freemind', 128, 'http://freemind.sourceforge.net', 18, ''),
(115, 'Freenas', 167, 'https://www.freenas.org/', 8, ''),
(116, 'FreePBX', 182, 'https://www.freepbx.org/', 17, ''),
(117, 'FreeRADIUS', 22, 'https://freeradius.org/', 17, ''),
(118, 'ftp.proxy', 80, 'http://www.ftpproxy.org/', 18, ''),
(119, 'Ganglia', 139, 'http://ganglia.sourceforge.net/', 8, ''),
(120, 'GanttProject', 96, 'https://www.ganttproject.biz', 20, ''),
(121, 'GCompris ', 103, 'https://gcompris.net', 17, ''),
(122, 'Geany', 113, 'https://www.geany.org/', 17, ''),
(123, 'Geogebra', 130, 'https://www.geogebra.org', 20, ''),
(124, 'Geonode', 117, 'http://geonode.org/', 20, ''),
(125, 'Gephi', 110, 'https://gephi.org/', 20, ''),
(126, 'GEPLANES', 106, 'https://softwarepublico.gov.br/social/geplanes/', 18, ''),
(127, 'GestióIP', 93, 'https://www.gestioip.net/', 20, ''),
(128, 'Ghostscript', 115, 'https://www.ghostscript.com/', 2, ''),
(129, 'Gibbon', 107, 'https://gibbonedu.org/', 20, ''),
(130, 'GIMP', 68, 'https://www.gimp.org/', 20, ''),
(131, 'GIT', 51, 'https://git-scm.com/', 18, ''),
(132, 'GitForWindows', 51, 'https://gitforwindows.org/', 18, ''),
(133, 'GitLab', 51, 'https://gitlab.com/gitlab-org/gitlab', 32, ''),
(134, 'GlassFish', 163, 'https://javaee.github.io/glassfish/', 11, ''),
(135, 'GLPi', 101, 'https://glpi-project.org/', 18, ''),
(136, 'GPWeb', 96, 'https://softwarepublico.gov.br/social/gpweb', 18, ''),
(137, 'GrADS', 117, 'http://cola.gmu.edu/grads/', 17, ''),
(138, 'Grafana', 139, 'https://grafana.com/', 6, ''),
(139, 'Grails', 79, 'https://grails.org/', 6, ''),
(140, 'GraphCalc', 130, 'https://github.com/Tookmund/graphcalc', 18, ''),
(141, 'Grass GIS', 117, 'https://grass.osgeo.org/', 18, ''),
(142, 'Gravitee', 14, 'https://gravitee.io/', 6, ''),
(143, 'Graylog', 139, 'https://www.graylog.org/', 20, ''),
(144, 'Greenshot', 35, 'https://getgreenshot.org/', 20, ''),
(145, 'Gretl', 73, 'http://gretl.sourceforge.net/', 17, ''),
(146, 'Groovy', 127, 'http://groovy-lang.org/', 6, ''),
(147, 'GSview ', 115, 'http://www.ghostgum.com.au/software/gsview.htm', 1, ''),
(148, 'Hadoop', 45, 'https://hadoop.apache.org/', 6, ''),
(149, 'HAProxy', 27, 'http://www.haproxy.org/', 18, ''),
(150, 'Harbor', 45, 'https://github.com/goharbor/harbor', 6, ''),
(151, 'HBase ', 28, 'https://hbase.apache.org/', 6, ''),
(152, 'Helios', 183, 'https://heliosvoting.org/', 6, ''),
(153, 'Hibernate', 79, 'https://hibernate.org/', 28, ''),
(154, 'Horde', 111, 'https://www.horde.org/', 18, ''),
(155, 'Hugin', 78, 'http://hugin.sourceforge.net/', 18, ''),
(156, 'Hyperledger', 29, 'https://www.hyperledger.org/', 6, ''),
(157, 'i-Educar ', 107, 'https://ieducar.org/', 18, ''),
(158, 'i3Geo', 117, 'https://softwarepublico.gov.br/social/i3geo', 18, ''),
(159, 'Icecast', 171, 'http://icecast.org/', 18, ''),
(160, 'ILWIS', 117, 'https://github.com/52North/IlwisCore', 20, ''),
(161, 'ImageMagick', 68, 'https://imagemagick.org', 22, ''),
(162, 'Inkscape', 68, 'https://inkscape.org', 18, ''),
(163, 'IntelliJ Community', 113, 'https://github.com/JetBrains/intellij-community', 6, ''),
(164, 'Ionic', 79, 'https://ionicframework.com/', 31, ''),
(165, 'Iramuteq', 12, 'http://www.iramuteq.org/', 18, ''),
(166, 'IronPython', 113, 'https://ironpython.net/', 6, ''),
(167, 'ISC DHCP', 59, 'https://www.isc.org/dhcp/', 33, ''),
(168, 'ISETL', 130, 'https://www.swmath.org/software/1370', 31, ''),
(169, 'ISPConfig', 50, 'https://www.ispconfig.org/', 8, ''),
(170, 'Issabel', 182, 'https://www.issabel.com/', 17, ''),
(171, 'iTOP', 123, 'https://sourceforge.net/projects/itop/', 20, ''),
(172, 'JabRef', 97, 'https://www.jabref.org/', 31, ''),
(173, 'JAGS', 130, 'http://mcmc-jags.sourceforge.net/', 18, ''),
(174, 'Jasper iReport', 158, 'https://sourceforge.net/projects/ireport/', 2, ''),
(175, 'Java HotSpot', 127, 'https://www.oracle.com/technetwork/java/javase/tech/index-jsp-136373.html', 18, ''),
(176, 'Jbehave', 174, 'https://jbehave.org/', 10, ''),
(177, 'JBoss ', 163, 'https://developer.jboss.org', 26, ''),
(178, 'JBPM', 24, 'https://www.jbpm.org/', 6, ''),
(179, 'Jenkins', 120, 'https://jenkins.io/', 31, ''),
(180, 'Jitsi', 184, 'https://jitsi.org/', 6, ''),
(181, 'JMeter ', 145, 'https://jmeter.apache.org/', 6, ''),
(182, 'JModelTest ', 153, 'https://github.com/ddarriba/jmodeltest2', 20, ''),
(183, 'JODConverter', 144, 'https://github.com/sbraconnier/jodconverter/', 6, ''),
(184, 'Joomla', 88, 'https://www.joomla.org/', 18, ''),
(185, 'jQuery ', 79, 'https://jquery.com/', 31, ''),
(186, 'JSF', 79, 'https://github.com/javaserverfaces/mojarra', 11, ''),
(187, 'Julia', 127, 'https://julialang.org/', 31, ''),
(188, 'jUnit', 174, 'https://junit.org', 15, ''),
(189, 'Jython', 127, 'https://www.jython.org/', 42, ''),
(190, 'Kaltura', 147, 'https://github.com/kaltura', 3, ''),
(191, 'Kanboard', 96, 'https://github.com/kanboard/kanboard', 31, ''),
(192, 'KeePas', 100, 'https://keepass.info/', 18, ''),
(193, 'Kerberos', 22, 'http://www.kerberos.org/software/', 8, ''),
(194, 'Keycloak', 94, 'https://www.keycloak.org/', 6, ''),
(195, 'Kibana', 55, 'https://www.elastic.co/pt/kibana', 6, ''),
(196, 'Knime', 134, 'https://www.knime.com/', 17, ''),
(197, 'Kompozer', 70, 'https://sourceforge.net/projects/kompozer/', 27, ''),
(198, 'Kubernetes', 48, 'https://kubernetes.io', 6, ''),
(199, 'KVM', 176, 'https://www.linux-kvm.org', 26, ''),
(200, 'Lamarc', 81, 'http://evolution.genetics.washington.edu/lamarc/index.html', 6, ''),
(201, 'Laravel', 79, 'https://laravel.com/', 31, ''),
(202, 'LaTeX', 125, 'https://www.latex-project.org/', 24, ''),
(203, 'Leptonica', 149, 'http://www.leptonica.org/', 25, ''),
(204, 'LibreOffice', 172, 'https://pt-br.libreoffice.org/', 29, ''),
(205, 'Liferay', 88, 'https://github.com/liferay/liferay-portal', 18, ''),
(206, 'Lighttpd', 163, 'https://www.lighttpd.net/', 10, ''),
(207, 'Limesurvey', 152, 'https://www.limesurvey.org', 18, ''),
(208, 'Linux', 167, 'https://www.kernel.org/', 18, ''),
(209, 'Linux Virtual Server', 27, 'http://www.linuxvirtualserver.org/', 17, ''),
(210, 'LOCKSS', 148, 'https://www.lockss.org/', 10, ''),
(211, 'Log4J', 139, 'https://logging.apache.org/log4j/2.x/', 6, ''),
(212, 'LogAnalyzer', 139, 'https://github.com/pbek/loganalyzer', 18, ''),
(213, 'Logstash', 139, 'https://www.elastic.co/pt/logstash', 6, ''),
(214, 'LVS', 27, 'http://www.linuxvirtualserver.org/', 17, ''),
(215, 'MAAS', 133, 'https://maas.io/', 3, ''),
(216, 'Mailman', 64, 'https://www.list.org/', 20, ''),
(217, 'Manjaro', 167, 'https://manjaro.org/', 17, ''),
(218, 'Mantis Bug Tracker', 154, 'https://www.mantisbt.org/', 18, ''),
(219, 'Marathon', 48, 'https://mesosphere.github.io/marathon/', 6, ''),
(220, 'MariaDB', 28, 'https://mariadb.org/', 26, ''),
(221, 'Mautic', 129, 'https://www.mautic.org/', 17, ''),
(222, 'Maven', 90, 'https://maven.apache.org/', 6, ''),
(223, 'Maxima', 47, 'http://maxima.sourceforge.net/', 17, ''),
(224, 'MConf ', 184, 'http://mconf.org/', 3, ''),
(225, 'Mediawiki', 186, 'https://www.mediawiki.org', 12, ''),
(226, 'Meld', 42, 'https://meldmerge.org/', 18, ''),
(227, 'Memcached', 33, 'https://memcached.org/', 8, ''),
(228, 'Metabase', 32, 'https://www.metabase.com/', 3, ''),
(229, 'MetalLB', 27, 'https://metallb.universe.tf/', 6, ''),
(230, 'MiKTeX', 1, 'https://miktex.org/', 17, ''),
(231, 'Mint', 167, 'https://www.linuxmint.com/', 17, ''),
(232, 'MongoDB', 28, 'https://www.mongodb.com/', 43, ''),
(233, 'Moodle', 221, 'https://moodle.org', 20, ''),
(234, 'Mozilla Firefox', 121, 'https://www.mozilla.org/pt-BR/firefox', 33, ''),
(235, 'Mozilla Thunderbird', 39, 'https://www.thunderbird.net', 33, ''),
(236, 'mpdf', 144, 'https://mpdf.github.io/', 18, ''),
(237, 'MrBayes', 73, 'http://nbisweden.github.io/MrBayes/', 20, ''),
(238, 'MRBS', 4, 'https://mrbs.sourceforge.io/', 17, ''),
(239, 'MRTG', 109, 'https://oss.oetiker.ch/mrtg', 17, ''),
(240, 'MySQL', 28, 'https://www.mysql.com/', 18, ''),
(241, 'MySQL Workbench', 136, 'https://www.mysql.com/products/workbench/', 18, ''),
(242, 'Nagios', 139, 'https://www.nagios.org/', 17, ''),
(243, 'Netbeans', 113, 'https://netbeans.org/', 11, ''),
(244, 'NetBox', 93, 'https://github.com/netbox-community/netbox', 6, ''),
(245, 'Nextcloud', 17, 'https://nextcloud.com/', 2, ''),
(246, 'Nexus', 98, 'https://github.com/sonatype/nexus-public', 15, ''),
(247, 'NfSen', 109, 'http://nfsen.sourceforge.net/', 8, ''),
(248, 'Nginx', 163, 'https://www.nginx.com/', 8, ''),
(249, 'Nmap', 11, 'https://nmap.org/', 18, ''),
(250, 'Node.JS', 6, 'https://nodejs.org', 31, ''),
(251, 'Noosfero', 157, 'https://softwarepublico.gov.br/social/noosferogov', 3, ''),
(252, 'Notepad++', 113, 'https://notepad-plus-plus.org', 17, ''),
(253, 'Notepadqq', 69, 'https://notepadqq.com', 20, ''),
(254, 'Nutch', 52, 'http://nutch.apache.org/', 6, ''),
(255, 'NVDA', 1, 'https://www.nvaccess.org/', 18, ''),
(256, 'Oasis', 96, 'https://softwarepublico.gov.br/social/oasis', 18, ''),
(257, 'Ocomon', 112, 'http://ocomonphp.sourceforge.net/', 18, ''),
(258, 'OCS Inventory', 122, 'https://github.com/OCSInventory-NG/OCSInventory-Server', 18, ''),
(259, 'Octave', 47, 'https://www.gnu.org/software/octave/', 17, ''),
(260, 'Okular', 179, 'https://okular.kde.org/', 18, ''),
(261, 'Omeka', 85, 'https://omeka.org/', 17, ''),
(262, 'OMNeT++', 164, 'https://omnetpp.org/', 7, ''),
(263, 'Onsen UI', 79, 'https://onsen.io/', 6, ''),
(264, 'Open Broadcaster Software – OBS', 171, 'https://obsproject.com/pt-br', 18, ''),
(265, 'Open Conference Systems – OCS', 104, 'https://pkp.sfu.ca/ocs/', 18, ''),
(266, 'Open Journal Systems – OJS', 95, 'https://pkp.sfu.ca/ojs/', 20, ''),
(267, 'Open vSwitch', 173, 'https://www.openvswitch.org/', 6, ''),
(268, 'OpenAM', 94, 'https://github.com/OpenIdentityPlatform/OpenAM', 11, ''),
(269, 'OpenCMS', 88, 'http://www.opencms.org', 26, ''),
(270, 'OpenCV', 177, 'https://github.com/opencv/opencv', 10, ''),
(271, 'Openfire', 132, 'https://www.igniterealtime.org/projects/openfire/', 6, ''),
(272, 'OpenFTP', 80, 'https://github.com/axtux/openFTP', 20, ''),
(273, 'OpenJDK', 163, 'https://openjdk.java.net/', 37, ''),
(274, 'OpenLayers', 83, 'https://openlayers.org/', 9, ''),
(275, 'OpenLDAP', 126, 'https://www.openldap.org/', 38, ''),
(276, 'Openmediavault', 16, 'https://www.openmediavault.org/', 20, ''),
(277, 'Openmeetings', 184, 'https://openmeetings.apache.org/', 6, ''),
(278, 'OpenNTPD', 140, 'http://www.openntpd.org/', 8, ''),
(279, 'OpenOffice', 172, 'http://www.openoffice.org', 6, ''),
(280, 'OpenProject ', 96, 'https://www.openproject.org/', 20, ''),
(281, 'Openser', 2, 'https://www.voip-info.org/openser/', 17, ''),
(282, 'OpenShift', 48, 'https://github.com/openshift/origin', 6, ''),
(283, 'Opensips', 182, 'https://www.opensips.org/', 17, ''),
(284, 'OpenSSH', 2, 'https://www.openssh.com/', 8, ''),
(285, 'OpenStack', 146, 'https://www.openstack.org/', 6, ''),
(286, 'OpenSuse', 167, 'https://www.opensuse.org/', 18, ''),
(287, 'OpenVAS', 11, 'https://www.openvas.org/', 17, ''),
(288, 'OpenVPN', 156, 'https://openvpn.net/', 17, ''),
(289, 'OpenWebMail', 111, 'http://openwebmail.acatysmoof.com/', 8, ''),
(290, 'Oracle Linux', 167, 'https://github.com/oracle/linux-uek', 17, ''),
(291, 'Oryx', 30, 'https://code.google.com/archive/p/oryx-editor/', 20, ''),
(292, 'OSGeo4W', 117, 'https://trac.osgeo.org/osgeo4w/', 31, ''),
(293, 'OsTicket', 49, 'https://osticket.com/', 18, ''),
(294, 'OTRS', 101, 'https://otrs.com', 3, ''),
(295, 'Ouvidoria', 142, 'https://github.com/softwarepublico/ouvidoria', 18, ''),
(296, 'Ovirt', 176, 'https://www.ovirt.org/', 6, ''),
(297, 'Owncloud', 17, 'https://owncloud.org/', 2, ''),
(298, 'Pacemaker', 45, 'https://wiki.clusterlabs.org/wiki/Pacemaker', 18, ''),
(299, 'PAmix ', 67, 'https://github.com/patroclos/PAmix', 31, ''),
(300, 'PDF Chain', 144, 'http://pdfchain.sourceforge.net/', 20, ''),
(301, 'PDF Shuffler', 144, 'https://sourceforge.net/projects/pdfshuffler/', 20, ''),
(302, 'PDFCreator', 144, 'https://www.pdfforge.org/pdfcreator', 3, ''),
(303, 'PDFSam', 144, 'https://pdfsam.org/', 3, ''),
(304, 'Peazip', 41, 'https://www.peazip.org/', 29, ''),
(305, 'Pencil', 150, 'https://pencil.evolus.vn/', 18, ''),
(306, 'Pentaho Suite', 32, 'https://github.com/pentaho/', 12, ''),
(307, 'Percona', 28, 'https://www.percona.com/', 18, ''),
(308, 'pfSense', 75, 'https://www.pfsense.org/', 6, ''),
(309, 'pgAdmin', 37, 'https://www.pgadmin.org/', 40, ''),
(310, 'pgBadger', 139, 'https://github.com/darold/pgbadger', 40, ''),
(311, 'pGina', 22, 'http://pgina.org/', 8, ''),
(312, 'Phonegap', 79, 'https://phonegap.com', 6, ''),
(313, 'Photon', 48, 'https://vmware.github.io/photon/', 6, ''),
(314, 'PHP', 127, 'https://www.php.net/', 39, ''),
(315, 'phpBB', 77, 'https://www.phpbb.com/', 18, ''),
(316, 'PHPIp', 93, 'https://sourceforge.net/projects/phpip/', 18, ''),
(317, 'PHPIpam', 93, 'https://phpipam.net/', 29, ''),
(318, 'phpLDAPAdmin', 40, 'http://phpldapadmin.sourceforge.net', 17, ''),
(319, 'PHPList', 65, 'https://www.phplist.com/', 3, ''),
(320, 'PHPlot', 82, 'http://phplot.sourceforge.net/', 27, ''),
(321, 'PHPMailer', 168, 'https://github.com/PHPMailer/PHPMailer', 28, ''),
(322, 'phpMyAdmin', 37, 'https://www.phpmyadmin.net/', 18, ''),
(323, 'phpPgAdmin', 37, 'http://phppgadmin.sourceforge.net', 18, ''),
(324, 'PhyML', 81, 'http://www.atgc-montpellier.fr/phyml/', 20, ''),
(325, 'Plone', 88, 'https://plone.org/', 18, ''),
(326, 'Portainer', 48, 'https://www.portainer.io/', 46, ''),
(327, 'Postfix', 168, 'http://www.postfix.org/', 15, ''),
(328, 'PostGIS', 117, 'https://postgis.net/', 18, ''),
(329, 'PostgreSQL', 28, 'https://www.postgresql.org/', 40, ''),
(330, 'Postman', 57, 'https://www.postman.com', 6, ''),
(331, 'Primefaces', 79, 'https://www.primefaces.org/', 31, ''),
(332, 'PrimeNG', 79, 'https://www.primefaces.org/primeng/', 31, ''),
(333, 'Process Dashboard', 96, 'https://sourceforge.net/projects/processdash/', 20, ''),
(334, 'Project Libre', 96, 'https://www.projectlibre.com/', 15, ''),
(335, 'Prometheus Monitoring System', 139, 'https://prometheus.io/', 6, ''),
(336, 'Protege', 141, 'https://github.com/protegeproject/protege', 8, ''),
(337, 'ProtTest', 153, 'https://github.com/ddarriba/prottest3', 18, ''),
(338, 'Proxmox', 176, 'https://www.proxmox.com', 2, ''),
(339, 'PSPP', 73, 'https://www.gnu.org/software/pspp/', 20, ''),
(340, 'Puppet', 87, 'https://puppet.com/', 6, ''),
(341, 'Putty', 170, 'https://www.putty.org/', 31, ''),
(342, 'PW3270', 71, 'https://softwarepublico.gov.br/social/pw3270', 18, ''),
(343, 'PyMol', 180, 'https://pymol.org', 41, ''),
(344, 'Python', 127, 'https://www.python.org/', 42, ''),
(345, 'QGIS', 117, 'https://qgis.org', 18, ''),
(346, 'R', 73, 'https://www.r-project.org/', 18, ''),
(347, 'R Studio', 73, 'https://rstudio.com/', 3, ''),
(348, 'RackTables', 122, 'https://www.racktables.org/', 18, ''),
(349, 'Rails', 79, 'https://rubyonrails.org/', 31, ''),
(350, 'RainLoop', 185, 'https://www.rainloop.net/', 3, ''),
(351, 'Rancher', 48, 'https://rancher.com/', 6, ''),
(352, 'RapidSVN', 51, 'https://rapidsvn.org/', 17, ''),
(353, 'rclone', 166, 'https://rclone.org/', 31, ''),
(354, 'rconfig', 87, 'https://www.rconfig.com/', 20, ''),
(355, 'RDDtool', 139, 'https://oss.oetiker.ch/rrdtool/', 17, ''),
(356, 'React', 79, 'https://pt-br.reactjs.org/', 31, ''),
(357, 'Redis', 28, 'https://redis.io/', 10, ''),
(358, 'Redmine', 96, 'https://www.redmine.org/', 26, ''),
(359, 'Request Tracker', 154, 'https://bestpractical.com/request-tracker', 18, ''),
(360, 'Richfaces', 79, 'https://richfaces.jboss.org/', 28, ''),
(361, 'Riot', 132, 'https://about.riot.im/', 6, ''),
(362, 'Rkhunter', 11, 'http://rkhunter.sourceforge.net/', 18, ''),
(363, 'Robot Framework', 174, 'https://robotframework.org/', 6, ''),
(364, 'RocketChat', 132, 'https://rocket.chat/', 31, ''),
(365, 'RoundCube', 185, 'https://roundcube.net/', 20, ''),
(366, 'RSYSLOG', 139, 'https://www.rsyslog.com/', 17, ''),
(367, 'Ruby', 127, 'https://www.ruby-lang.org', 9, ''),
(368, 'Safe Exam', 25, 'https://www.safeexambrowser.org', 34, ''),
(369, 'SageMath', 130, 'https://www.sagemath.org/', 17, ''),
(370, 'Saltstack', 23, 'https://www.saltstack.com/', 6, ''),
(371, 'Samba', 119, 'https://www.samba.org/', 17, ''),
(372, 'ScaLAPACK', 130, 'http://www.netlib.org/scalapack/', 8, ''),
(373, 'SciDAVis', 7, 'https://sourceforge.net/projects/scidavis/', 18, ''),
(374, 'Scilab', 47, 'https://www.scilab.org/', 17, ''),
(375, 'Scribus', 60, 'https://www.scribus.net/', 28, ''),
(376, 'Seafile', 43, 'https://www.seafile.com', 18, ''),
(377, 'Selenium', 174, 'https://www.selenium.dev/', 6, ''),
(378, 'Sendmail', 168, 'https://sourceforge.net/projects/send-mail/', 6, ''),
(379, 'SGA', 84, 'https://softwarepublico.gov.br/social/sga-livre', 18, ''),
(380, 'Shibboleth', 94, 'https://www.shibboleth.net/', 6, ''),
(381, 'Siaudi', 21, 'https://softwarepublico.gov.br/social/siaudi', 18, ''),
(382, 'SIMEC', 108, 'https://softwarepublico.gov.br/social/simec', 18, ''),
(383, 'single-spa ', 79, 'https://single-spa.js.org/', 31, ''),
(384, 'Sistema Eletrônico de Informações (SEI!)', 105, 'https://softwarepublico.gov.br/social/sei', 81, ''),
(385, 'Slackware', 167, 'http://www.slackware.com/', 17, ''),
(386, 'SmokePing', 9, 'https://oss.oetiker.ch/smokeping/', 18, ''),
(387, 'Snare', 139, 'https://sourceforge.net/projects/snare/', 18, ''),
(388, 'SOAPUI', 174, 'https://www.soapui.org/', 16, ''),
(389, 'Sofa Statistics', 73, 'https://www.sofastatistics.com', 3, ''),
(390, 'Sonarqube', 118, 'https://www.sonarqube.org/', 29, ''),
(391, 'Spacewalk', 91, 'https://spacewalkproject.github.io/', 18, ''),
(392, 'Spamassassin', 169, 'https://spamassassin.apache.org/', 6, ''),
(393, 'Spark', 132, 'https://www.igniterealtime.org/projects/spark/', 6, ''),
(394, 'Specify', 86, 'https://www.sustain.specifysoftware.org/products/specify-7/', 18, ''),
(395, 'Spring Framework', 79, 'https://spring.io/', 6, ''),
(396, 'Spring Tools Suite – STS', 79, 'https://spring.io/tools', 6, ''),
(397, 'SQL Power Architect', 136, 'http://www.bestofbi.com/page/architect_download_os', 20, ''),
(398, 'Squid', 33, 'http://www.squid-cache.org/', 18, ''),
(399, 'Squirrelmail', 185, 'https://squirrelmail.org/', 17, ''),
(400, 'SquirrelSQL', 37, 'http://squirrel-sql.sourceforge.net/', 26, ''),
(401, 'Stellarium', 20, 'https://stellarium.org', 18, ''),
(402, 'Strigi', 116, 'git://anongit.kde.org/strigi.git', 26, ''),
(403, 'Subversion', 51, 'https://subversion.apache.org/', 6, ''),
(404, 'SUSE Linux', 167, 'https://www.suse.com', 17, ''),
(405, 'Swagger', 14, 'https://swagger.io/', 6, ''),
(406, 'SWI-Prolog', 127, 'https://www.swi-prolog.org/', 8, ''),
(407, 'Symfony', 79, 'https://symfony.com/', 31, ''),
(408, 'syslog-ng ', 139, 'https://github.com/syslog-ng/syslog-ng', 17, ''),
(409, 'Taiga', 96, 'https://github.com/taigaio', 3, ''),
(410, 'TeamPass', 100, 'https://teampass.net/', 20, ''),
(411, 'TEDE', 160, 'https://github.com/ibict-br/TEDE', 14, ''),
(412, 'TemaTres', 141, 'https://sourceforge.net/projects/tematres/', 18, ''),
(413, 'TensorFlow', 15, 'https://www.tensorflow.org/', 6, ''),
(414, 'Tesseract', 155, 'https://github.com/tesseract-ocr/tesseract', 6, ''),
(415, 'TestLink', 174, 'http://testlink.org/', 18, ''),
(416, 'TeX-Live', 125, 'https://github.com/TeX-Live/texlive-source', 13, ''),
(417, 'Texmaker', 125, 'https://www.xm1math.net/texmaker/', 17, ''),
(418, 'TeXnicCenter', 125, 'https://www.texniccenter.org/', 17, ''),
(419, 'TexStudio', 125, 'https://www.texstudio.org/', 20, ''),
(420, 'TexWorks', 125, 'http://www.tug.org/texworks/', 18, ''),
(421, 'Tidia', 103, 'https://tidia.ita.br/portal', 31, ''),
(422, 'TightVNC', 2, 'https://www.tightvnc.com/', 18, ''),
(423, 'TortoiseGIT', 38, 'https://tortoisegit.org/', 18, ''),
(424, 'TortoiseSVN', 38, 'https://tortoisesvn.net', 17, ''),
(425, 'Tracker', 10, 'https://physlets.org/tracker/', 20, ''),
(426, 'Transcriber', 175, 'http://trans.sourceforge.net', 17, ''),
(427, 'TuxMath', 130, 'https://github.com/tux4kids/tuxmath', 20, ''),
(428, 'TypeScript', 127, 'https://www.typescriptlang.org/', 6, ''),
(429, 'Ubuntu', 167, 'https://ubuntu.com/', 17, ''),
(430, 'uPortal ', 53, 'https://www.apereo.org/projects/uportal', 6, ''),
(431, 'Vagrant', 5, 'https://www.vagrantup.com/', 31, ''),
(432, 'Varnish', 33, 'https://varnish-cache.org/', 9, ''),
(433, 'Veins', 165, 'https://veins.car2x.org/', 18, ''),
(434, 'VeraCrypt', 54, 'https://www.veracrypt.fr', 6, ''),
(435, 'vert.x', 113, 'https://vertx.io/', 15, ''),
(436, 'VIM', 69, 'https://www.vim.org/', 18, ''),
(437, 'VirtualBox', 176, 'https://www.virtualbox.org', 18, ''),
(438, 'vis.js', 82, 'https://visjs.org/', 6, ''),
(439, 'Visual Studio Code', 113, 'https://github.com/Microsoft/vscode', 31, ''),
(440, 'VisuAlg', 72, 'https://sourceforge.net/projects/visualg30/', 98, ''),
(441, 'VisualVM', 8, 'https://visualvm.github.io/', 18, ''),
(442, 'VLC', 161, 'https://www.videolan.org', 18, ''),
(443, 'VMD', 153, 'https://www.ks.uiuc.edu/Research/vmd/', 44, ''),
(444, 'VNC', 2, 'https://github.com/TigerVNC/tigervnc', 18, ''),
(445, 'Volatility', 76, 'https://www.volatilityfoundation.org/', 18, ''),
(446, 'vsftpd', 80, 'https://security.appspot.com/vsftpd.html', 17, ''),
(447, 'WampServer', 5, 'http://www.wampserver.com', 21, ''),
(448, 'Web2Py', 79, 'http://www.web2py.com/', 29, ''),
(449, 'Webmin', 3, 'http://www.webmin.com/', 10, ''),
(450, 'Weby', 88, 'https://github.com/cercomp/weby', 17, ''),
(451, 'Weka', 134, 'https://sourceforge.net/projects/weka/', 20, ''),
(452, 'Wekan', 124, 'https://wekan.github.io/', 31, ''),
(453, 'Wildfly', 163, 'https://wildfly.org/', 28, ''),
(454, 'WinDJView', 181, 'https://windjview.sourceforge.io/', 18, ''),
(455, 'WinSCP', 80, 'https://winscp.net', 20, ''),
(456, 'Wireshark', 9, 'https://www.wireshark.org', 18, ''),
(457, 'Wordpress', 88, 'https://br.wordpress.com/', 18, ''),
(458, 'WSO2 API Manager', 14, 'https://wso2.com/api-management', 6, ''),
(459, 'WSO2 Identity API Server', 94, 'https://github.com/wso2/identity-api-server', 6, ''),
(460, 'wxMaxima', 130, 'https://wxmaxima-developers.github.io/wxmaxima/', 17, ''),
(461, 'Xamarin Workbooks', 44, 'https://github.com/xamarin/Workbooks', 31, ''),
(462, 'XAMPP', 176, 'https://www.apachefriends.org', 18, ''),
(463, 'XCP-ng', 1, 'https://xcp-ng.org/', 1, ''),
(464, 'Xibo', 19, 'https://xibo.org.uk/', 3, ''),
(465, 'XMind ', 128, 'https://www.xmind.net/', 15, ''),
(466, 'XWiki ', 186, 'https://www.xwiki.org', 28, ''),
(467, 'Yii', 79, 'https://www.yiiframework.com/', 10, ''),
(468, 'Zabbix', 139, 'https://www.zabbix.com/', 18, ''),
(469, 'Zend Framework', 79, 'https://framework.zend.com/', 45, ''),
(470, 'Zimbra', 111, 'https://www.zimbra.com/', 35, ''),
(471, 'ZODB', 28, 'http://www.zodb.org', 47, ''),
(472, 'ZoneMinder', 36, 'https://zoneminder.com/', 18, ''),
(473, 'ZooKeeper', 45, 'https://zookeeper.apache.org/', 6, ''),
(474, 'Zope', 163, 'https://www.zope.org/', 47, ''),
(475, 'Zotero', 97, 'https://www.zotero.org/', 2, ''),
(476, 'MailWatch', 64, 'https://mailwatch.org/', 18, ''),
(477, 'Apache Cassandra', 28, 'https://cassandra.apache.org', 6, ''),
(478, 'Artifactory', 90, 'https://jfrog.com/artifactory/', 49, ''),
(479, '7-Zip', 41, 'https://www.7-zip.org/', 26, ''),
(480, 'AdoptOpenJDK', 174, 'https://adoptopenjdk.net/', 6, ''),
(481, 'Archi', 137, 'https://www.archimatetool.com/', 31, ''),
(482, 'Brave', 121, 'https://brave.com/', 34, ''),
(483, 'Exodus', 132, 'https://exodus.en.softonic.com/', 48, ''),
(484, 'glogg', 21, 'http://glogg.bonnefon.org/', 20, ''),
(485, 'GnuWin', 187, 'http://gnuwin32.sourceforge.net/', 18, ''),
(486, 'HeidiSQL', 28, 'https://www.heidisql.com/', 17, ''),
(487, 'JDownloader', 188, 'https://jdownloader.org/', 17, ''),
(488, 'Keyczar', 54, 'https://github.com/google/keyczar', 6, ''),
(489, 'LinuxLive USB Creator', 176, 'https://www.linuxliveusb.com/', 20, ''),
(490, 'MariaDB Connector/ODBC ', 28, 'https://mariadb.com/kb/en/mariadb-connector-odbc/', 26, ''),
(491, 'MPC-HC', 161, 'https://mpc-hc.org/', 20, ''),
(492, 'mRemoteNG', 2, 'https://mremoteng.org/', 18, ''),
(493, 'MySQL Connector/NET', 28, 'https://github.com/mysql/mysql-connector-net', 18, ''),
(494, 'MySQL Connector/ODBC', 28, 'https://github.com/mysql/mysql-connector-odbc', 18, ''),
(495, 'Npgsql', 28, 'https://www.npgsql.org/', 40, ''),
(496, 'NSClient++', 139, 'http://www.nsclient.org/', 18, ''),
(497, 'OpenConnect GUI', 156, 'https://openconnect.github.io/openconnect-gui/', 18, ''),
(498, 'OSSEC Hids Agent', 139, 'https://github.com/ossec/ossec-hids', 18, ''),
(499, 'Pandoc', 189, 'https://pandoc.org/', 17, ''),
(500, 'PdfStream Dumper', 144, 'https://github.com/dzzie/pdfstreamdumper', 82, ''),
(501, 'psqlODBC', 28, 'https://odbc.postgresql.org/', 26, ''),
(502, 'PyCharm Community Edition', 113, 'https://www.jetbrains.com/pycharm/download', 6, ''),
(503, 'Rtools', 187, 'https://cran.r-project.org/bin/windows/Rtools/', 48, ''),
(504, 'SQLite ODBC Driver', 28, 'http://www.ch-werner.de/sqliteodbc/', 8, ''),
(505, 'SumatraPDF', 144, 'https://github.com/sumatrapdfreader/sumatrapdf', 8, ''),
(506, 'Ultra VNC', 2, 'https://www.uvnc.com/', 17, ''),
(507, 'WinCDEmu', 176, 'https://wincdemu.sysprogs.org/', 26, ''),
(508, 'Zulu OpenJDK', 187, 'https://github.com/zulu-openjdk/zulu-openjdk', 48, ''),
(509, 'Xen Orchestra', 176, 'https://github.com/vatesfr/Xen-Orchestra', 3, ''),
(510, 'Sublime Text', 113, 'https://www.sublimetext.com/', 49, ''),
(511, 'Odoo', 190, 'https://www.odoo.com/pt_BR/', 29, ''),
(512, 'Geonetwork', 117, 'https://www.geonetwork-opensource.org/', 18, ''),
(513, 'OpenNMS', 139, 'https://www.opennms.com/', 3, ''),
(514, 'GEPNET', 96, 'https://github.com/spbgovbr/gepnet', 83, ''),
(515, 'Apache Kafka', 171, 'https://kafka.apache.org/', 6, ''),
(516, 'RabbitMQ', 191, 'https://www.rabbitmq.com/', 34, ''),
(517, 'OWASP Zed Attack Proxy', 11, 'https://www.zaproxy.org', 6, ''),
(518, 'Sourcetree', 38, 'https://www.sourcetreeapp.com/', 48, ''),
(519, 'Winmerge', 12, 'https://winmerge.org/', 17, ''),
(520, 'Citsmart', 101, 'https://code.google.com/archive/p/citsmart/', 17, ''),
(521, 'Red Hat Linux', 167, 'https://www.redhat.com/pt-br/technologies/linux-platforms/enterprise-linux', 49, ''),
(522, 'Matomo', 7, 'https://github.com/matomo-org/matomo', 20, ''),
(523, 'Traefik', 27, 'https://github.com/traefik/traefik', 31, ''),
(524, 'Visualizer', 178, 'https://github.com/Kitware/visualizer', 10, ''),
(525, 'Grav', 88, 'https://github.com/getgrav/grav', 31, ''),
(526, 'MailCatcher', 64, 'https://github.com/sj26/mailcatcher', 31, ''),
(527, 'Robomongo', 37, 'https://github.com/Studio3T/robomongo', 17, ''),
(528, 'Oracle SQL Developer', 37, 'https://developer.oracle.com', 49, ''),
(529, 'Endian Firewall', 75, 'https://www.endian.com/community/', 48, ''),
(530, 'Coturn', 182, 'https://github.com/coturn/coturn', 84, ''),
(531, 'e2guardian', 74, 'https://github.com/e2guardian/e2guardian', 18, ''),
(532, 'ejabberd', 132, 'https://github.com/processone/ejabberd', 18, ''),
(533, 'libvirt', 176, 'https://github.com/libvirt/libvirt', 28, ''),
(534, 'OpenResty', 163, 'https://github.com/openresty/openresty', 85, ''),
(535, 'VyOS', 159, 'https://github.com/vyos/vyos', 18, ''),
(536, 'Xen', 176, 'https://github.com/Xilinx/xen', 17, ''),
(537, 'Bacula Web', 26, 'https://www.bacula-web.org/', 18, ''),
(538, 'Zenoss', 139, 'https://www.zenoss.com/', 49, ''),
(539, 'webLDAP', 126, 'https://github.com/FedeRez/webldap', 31, ''),
(540, 'webdans', 74, 'https://sourceforge.net/projects/webdans/', 18, ''),
(541, 'react-native-iot-wifi', 1, 'https://github.com/tadasr/react-native-iot-wifi', 31, ''),
(542, 'Z-Push', 166, 'https://z-push.org/', 18, ''),
(543, 'Agropedia brasilis', 192, 'https://www.agropedia-brasilis.cnptia.embrapa.br/', 49, ''),
(544, 'Biosemeie', 192, 'https://www.embrapa.br/busca-de-solucoes-tecnologicas/-/produto-servico/6127/biosemeie', 48, ''),
(545, 'CWFree', 88, 'https://cwfree.software.informer.com/', 48, ''),
(546, 'DotProject', 96, 'https://dotproject.net/', 17, ''),
(547, 'Xerte', 103, 'https://github.com/thexerteproject/xerteonlinetoolkits', 6, ''),
(548, 'OpenDocMan', 92, 'https://www.opendocman.com/', 17, ''),
(549, 'Bika LIMS', 193, 'https://www.bikalims.org/', 17, ''),
(550, 'Geoinfo', 117, 'http://geoinfo.cnps.embrapa.br/', 48, ''),
(551, 'AgroAPI', 192, 'https://www.agroapi.cnptia.embrapa.br/portal/', 49, ''),
(552, 'SATVeg', 192, 'https://www.satveg.cnptia.embrapa.br/satveg/login.html', 48, ''),
(553, 'Alice', 192, 'https://www.alice.cnptia.embrapa.br/', 48, ''),
(554, 'Infoteca-e', 192, 'https://www.infoteca.cnptia.embrapa.br/', 48, ''),
(555, 'DocMGR', 92, 'https://sourceforge.net/projects/docmgr/', 18, ''),
(556, 'SisCLP', 95, 'https://www.embrapa.br/agropecuaria-oeste/', 48, ''),
(557, 'Google Chrome', 121, 'https://www.google.com/chrome/', 48, ''),
(558, 'Calibre', 179, 'https://github.com/kovidgoyal/calibre', 20, ''),
(559, 'Remmina', 2, 'https://github.com/FreeRDP/Remmina', 18, ''),
(560, 'BibLivre', 97, 'https://github.com/Biblivre', 20, ''),
(561, 'Onlyoffice', 172, 'https://github.com/ONLYOFFICE/CommunityServer', 6, ''),
(562, 'Bizagi modeler', 137, 'https://www.bizagi.com/en/platform/modeler', 48, ''),
(563, 'Perl', 127, 'https://github.com/Perl/perl5', 17, ''),
(564, 'Scrutinizer', 9, 'https://www.plixer.com/products/scrutinizer/', 49, ''),
(565, 'Booked Scheduler', 184, 'https://www.bookedscheduler.com/', 49, ''),
(566, 'DotNetNuke', 88, 'https://github.com/dnnsoftware/Dnn.Platform', 31, ''),
(567, 'BitKinex', 194, 'http://www.bitkinex.com/', 48, ''),
(568, 'Crimson Editor', 69, 'http://crimsoneditor.com/', 48, ''),
(569, 'Fiddler', 9, 'https://www.telerik.com', 48, ''),
(570, 'SqlDbx', 37, 'http://www.sqldbx.com', 48, ''),
(571, 'Wintail', 21, 'https://sourceforge.net/projects/wintail/', 13, ''),
(572, 'Evince', 179, 'https://github.com/GNOME/evince', 18, ''),
(573, 'LX-Viewer', 189, 'http://lx-viewer.sourceforge.net/index.php', 18, ''),
(574, 'Paint.NET', 68, 'https://www.getpaint.net/index.html', 48, ''),
(575, 'MyPaint', 68, 'http://mypaint.org/', 18, ''),
(576, 'mtPaint', 68, 'http://mtpaint.sourceforge.net/', 17, ''),
(577, 'recordMyDesktop', 35, 'https://sourceforge.net/projects/recordmydesktop/', 18, ''),
(578, 'Lightscreen', 35, 'https://lightscreen.com.ar/', 18, ''),
(579, 'Sigil', 69, 'https://sigil-ebook.com', 20, ''),
(580, 'OpenShot', 195, 'https://www.openshot.org/', 17, ''),
(581, 'Avidemux', 195, 'http://avidemux.sourceforge.net/', 17, ''),
(582, 'Shotcut', 195, 'https://www.shotcut.org/', 20, ''),
(583, 'ffmpeg', 189, 'http://ffmpeg.org/', 28, ''),
(584, 'CamStudio', 35, 'https://sourceforge.net/projects/camstudio/', 18, ''),
(585, 'SuperPuTTY', 170, 'https://www.puttygen.com/superputty', 31, ''),
(586, 'gcvs', 51, 'https://github.com/vilic/gcvs', 31, ''),
(587, 'GeoKettle', 32, 'https://sourceforge.net/projects/geokettle/', 27, ''),
(588, 'GGobi', 178, 'http://ggobi.org/', 12, ''),
(589, 'Picalo', 7, 'http://freshmeat.sourceforge.net/projects/picalo', 17, ''),
(590, 'VcXsrv', 196, 'https://sourceforge.net/projects/vcxsrv/', 20, ''),
(591, 'Centreon', 139, 'https://github.com/centreon/centreon', 18, ''),
(592, 'NSIS', 62, 'https://sourceforge.net/projects/nsis/', 46, ''),
(593, 'prettytime', 197, 'https://github.com/ocpsoft/prettytime', 6, ''),
(594, 'Violet UML Editor', 61, 'https://sourceforge.net/projects/violet/', 18, ''),
(595, 'Watch.js', 79, 'https://github.com/melanke/Watch.JS/', 31, ''),
(596, 'Webpack', 62, 'https://webpack.js.org/', 31, ''),
(597, 'Winston', 21, 'https://github.com/winstonjs/winston', 31, ''),
(599, 'XStream', 79, 'http://x-stream.github.io/', 8, ''),
(600, 'YUI Compressor', 41, 'https://yui.github.io/yuicompressor/', 8, ''),
(601, 'Zepto', 79, 'https://zeptojs.com/', 31, ''),
(602, 'JFreeChart', 82, 'https://jfree.org/jfreechart/', 26, ''),
(603, 'OpenBSD', 167, 'https://www.openbsd.org/', 8, ''),
(604, 'x3270', 71, 'http://x3270.bgp.nu/', 87, ''),
(605, 'h3270', 71, 'http://h3270.sourceforge.net/', 20, ''),
(606, 'Stunnel ', 54, 'https://www.stunnel.org/', 18, ''),
(607, 'TortoiseCVS', 51, 'http://www.tortoisecvs.org/', 17, ''),
(608, 'MicroSIP', 182, 'https://www.microsip.org/', 18, ''),
(609, 'Geos', 130, 'https://github.com/libgeos/geos', 28, ''),
(610, 'Geoserver', 117, 'http://geoserver.org', 18, ''),
(611, 'Leaflet', 79, 'https://leafletjs.com/', 9, ''),
(612, 'OpenStreetMap', 117, 'https://github.com/openstreetmap/openstreetmap-website', 18, ''),
(613, 'Report Magic', 158, 'http://reportmagic.org/', 88, ''),
(614, 'InfraRecorder', 198, 'http://infrarecorder.org/', 20, ''),
(615, 'Rufus', 199, 'http://rufus.ie/', 20, ''),
(616, 'cdrtools', 198, 'https://sourceforge.net/projects/cdrtools/', 27, ''),
(617, 'DocFetcher', 31, 'http://docfetcher.sourceforge.net/en/index.html', 15, ''),
(618, 'Likewise Open', 22, 'https://sourceforge.net/projects/likewiseopen/', 18, ''),
(619, 'Workrave', 200, 'https://test.workrave.org/', 20, ''),
(620, 'Fortress', 201, 'https://github.com/userfrosting/fortress', 1, ''),
(621, 'GPG', 54, 'https://gnupg.org/', 17, ''),
(622, 'Gpg4win', 54, 'https://www.gpg4win.org/', 17, ''),
(623, 'Apache Santuario', 54, 'http://santuario.apache.org', 6, ''),
(624, 'The Sleuth Kit', 202, 'http://sleuthkit.org/', 90, ''),
(625, 'Apache Syncope', 94, 'https://syncope.apache.org/', 6, ''),
(626, 'Cronolog', 21, 'https://github.com/fordmason/cronolog', 18, ''),
(627, 'GNS3', 156, 'https://www.gns3.com/', 20, ''),
(628, 'MapServer ', 117, 'https://mapserver.org/', 31, ''),
(629, 'Pidgin', 132, 'https://pidgin.im/', 17, ''),
(630, 'Winprint', 115, 'https://sourceforge.net/projects/winprint/', 18, ''),
(631, 'Burp Suite Community Edition', 11, 'https://portswigger.net/burp', 48, ''),
(632, 'Zenmap', 11, 'https://nmap.org/zenmap/', 17, ''),
(633, 'Apache TCL', 127, 'http://tcl.apache.org/html/tcl.html', 6, ''),
(634, 'Hping', 9, 'http://hping.org/', 18, ''),
(635, 'Snort', 58, 'https://www.snort.org/', 18, ''),
(636, 'htop', 203, 'https://github.com/htop-dev/htop', 18, ''),
(637, 'John the Ripper', 204, 'https://github.com/openwall/john', 18, ''),
(638, 'Adobe Acrobat Reader', 179, 'https://get2.adobe.com/br/reader/otherversions/', 48, ''),
(639, 'CDBurnerXP', 198, 'https://www.cdburnerxp.se/', 48, ''),
(640, 'Adobe Digital Editions', 179, 'https://www.adobe.com/br/solutions/ebook/digital-editions/download.html', 48, ''),
(641, 'Balabolka', 205, 'http://balabolka.site/balabolka.htm', 48, ''),
(642, 'Brackets', 113, 'http://brackets.io/', 31, ''),
(643, 'CANDex', 206, 'https://www.tse.jus.br/eleicoes/eleicoes-2020/sistema-de-candidaturas-modulo-externo-candex-2020', 48, ''),
(644, 'CCExtractor', 207, 'https://www.ccextractor.org', 18, ''),
(645, 'CCleaner', 208, 'https://www.ccleaner.com/pt-br/ccleaner', 48, ''),
(646, 'Checkmk', 139, 'https://checkmk.com/open-source-monitoring.html', 18, ''),
(647, 'Cobian Backup', 26, 'https://www.cobiansoft.com/cobianbackup.html', 48, ''),
(648, 'Ultimaker Cura', 209, 'https://ultimaker.com/software/ultimaker-cura', 48, ''),
(649, 'DaVinci Resolve', 195, 'https://www.blackmagicdesign.com/br/products/davinciresolve/collaboration', 48, ''),
(650, 'DIALux', 68, 'https://www.dialux.com/en-GB/', 48, ''),
(651, 'DWG TrueView', 210, 'https://dwg-trueview.en.lo4d.com/windows', 48, ''),
(652, 'FormatFactory', 189, 'https://format-factory.en.softonic.com/', 48, ''),
(653, 'FusionInventory Agent', 122, 'https://github.com/fusioninventory/fusioninventory-agent', 18, ''),
(654, 'Google Drive', 17, 'https://www.google.com.br/drive/apps.html', 48, ''),
(655, 'Google Earth', 117, 'https://www.google.com.br/earth/index.html', 48, ''),
(656, 'HandBrake', 195, 'https://github.com/HandBrake/HandBrake', 18, ''),
(657, 'ImgBurn', 198, 'http://imgburn.com/', 48, ''),
(658, 'Infragistics', 5, 'https://www.infragistics.com/', 49, ''),
(659, 'Internet Explorer', 121, 'https://www.microsoft.com/pt-br/download/internet-explorer.aspx', 48, ''),
(660, 'IRPF', 211, 'http://receita.economia.gov.br/aplicativos', 48, ''),
(661, 'ITR', 211, 'http://receita.economia.gov.br/aplicativos', 48, ''),
(662, 'Jahshaka', 68, 'https://www.jahshaka.com/', 48, ''),
(663, 'Lightshot', 35, 'https://github.com/GedRap/lightshot', 81, ''),
(664, 'Lightworks', 195, 'https://www.lwks.com/', 49, ''),
(665, 'Microsoft Office', 172, 'https://www.office.com/', 49, ''),
(666, 'Microsoft Power Query', 32, 'https://powerquery.microsoft.com/en-us/', 49, ''),
(667, 'Mouse Recorder', 24, 'https://sourceforge.net/projects/mouserecorder/', 8, ''),
(668, 'NexusFont', 212, 'https://nexusfont.softonic.com.br/', 48, ''),
(669, 'Nuxeo Drive', 17, 'https://doc.nuxeo.com/client-apps/nuxeo-drive/', 49, ''),
(670, 'Photoscape', 68, 'http://www.photoscape.org/ps/main/index.php', 48, ''),
(671, 'POV-Ray', 66, 'http://povray.org/', 2, ''),
(672, 'QuickTime', 161, 'https://support.apple.com/pt-br/guide/quicktime-player/welcome/mac', 48, ''),
(673, 'Receitanet', 211, 'http://receita.economia.gov.br/programas-para-download/receitanet', 48, ''),
(674, 'Relux Desktop', 66, 'https://reluxnet.relux.com/en/relux-desktop.html', 48, ''),
(675, 'SafeNet Authentication Client', 22, 'https://en.freedownloadmanager.org/Windows-PC/SafeNet-Authentication-Client.html', 49, ''),
(676, 'Sicalc', 211, 'https://sicalc.receita.economia.gov.br/sicalc/principal', 48, ''),
(677, 'Skype', 132, 'https://www.skype.com/pt-br/', 48, ''),
(678, 'SmartDrive', 213, 'https://www.smartdrive.net/', 49, ''),
(679, 'StarUML', 138, 'https://staruml.io/download', 49, ''),
(680, 'TRANE HDPsyChart', 61, 'https://trane-hdpsychart.software.informer.com/', 53, ''),
(681, 'Uniko Desktop', 68, 'https://www.uniko.com.br/Download.aspx', 48, ''),
(682, 'Voicemeeter', 67, 'https://vb-audio.com/Voicemeeter/index.htm', 91, ''),
(683, 'Windows Movie Maker', 161, 'https://www.microsoft.com/pt-br/p/movie-maker-video-editor-for-windows', 48, ''),
(684, 'XnView', 210, 'https://www.xnview.com/en/', 48, ''),
(685, 'Raspbian', 167, 'http://www.raspbian.org/', 17, ''),
(686, 'OpenEJB', 163, 'https://sourceforge.net/projects/openejb/', 6, ''),
(687, 'VSCodium', 113, 'https://vscodium.com/', 31, ''),
(688, 'Kate', 69, 'https://kate-editor.org/', 27, ''),
(689, 'PyTorch', 5, 'https://pytorch.org/', 92, ''),
(690, 'Mercurial', 51, 'https://www.mercurial-scm.org', 18, ''),
(691, 'EtherApe', 9, 'https://etherape.sourceforge.io/', 17, ''),
(692, 'tcpdump', 9, 'http://www.tcpdump.org/', 10, ''),
(693, 'KMail', 39, 'https://apps.kde.org/en/kmail2', 18, ''),
(694, 'KWrite', 69, 'https://apps.kde.org/en/kwrite', 28, ''),
(695, 'KOrganizer', 34, 'https://apps.kde.org/en/korganizer', 18, ''),
(696, 'ModSecurity', 75, 'https://www.modsecurity.org/', 93, ''),
(697, 'Rspamd', 169, 'https://www.rspamd.com/', 6, ''),
(698, 'Apache Guacamole', 2, 'https://guacamole.apache.org/', 6, ''),
(699, 'Collabora Office', 172, 'https://www.collaboraoffice.com/', 49, ''),
(700, 'FitNesse', 174, 'http://fitnesse.org/', 94, ''),
(701, 'Deepin', 167, 'https://www.deepin.org', 17, ''),
(702, 'Graphviz', 110, 'https://graphviz.org/', 94, ''),
(703, 'Cygwin', 119, 'https://www.cygwin.com/', 17, ''),
(704, 'H2 Database', 28, 'http://h2database.com/html/main.html', 33, ''),
(705, 'Apache Struts', 79, 'https://struts.apache.org/', 6, ''),
(706, 'HumHub ', 157, 'https://www.humhub.com/en', 2, ''),
(708, 'Google Docs', 172, 'https://docs.google.com', 48, ''),
(709, 'Flask', 79, 'https://flask.palletsprojects.com', 95, ''),
(710, 'Pandas', 7, 'https://pandas.pydata.org/', 10, ''),
(711, 'scikit-learn', 7, 'https://scikit-learn.org', 8, ''),
(712, 'spaCY', 215, 'https://spacy.io/', 31, ''),
(713, 'gunicorn', 163, 'https://gunicorn.org/', 31, ''),
(714, 'fastai', 216, 'https://github.com/fastai/fastai', 6, ''),
(716, 'Jupyter', 113, 'https://jupyter.org/', 10, ''),
(717, 'Talend Data Integration', 32, 'https://www.talend.com/products/data-integration/', 49, ''),
(718, 'Gogs', 51, 'https://github.com/gogs/gogs', 31, ''),
(719, 'LexML', 179, 'https://github.com/lexml', 12, ''),
(720, 'Alarm Clock', 197, 'https://github.com/enovision/alarm-clock', 18, ''),
(721, 'Arachni', 11, 'https://www.arachni-scanner.com/', 96, ''),
(722, 'Oracle SQL Developer Data Modeler', 136, 'https://www.oracle.com/database/technologies/appdev/datamodeler.html', 48, ''),
(723, 'Firewall Builder', 75, 'http://fwbuilder.sourceforge.net/', 17, ''),
(724, 'Foreman', 217, 'https://www.theforeman.org/', 97, ''),
(725, 'GNOME Calculator', 130, 'https://github.com/GNOME/gnome-calculator', 20, ''),
(726, 'Orca', 1, 'https://github.com/GNOME/orca', 28, ''),
(727, 'GNOME Usage', 139, 'https://gitlab.gnome.org/GNOME/gnome-usage', 20, ''),
(728, 'GPaste', 69, 'https://github.com/Keruspe/GPaste', 9, ''),
(729, 'grdesktop', 2, 'http://savannah.nongnu.org/projects/grdesktop', 18, ''),
(730, 'ORY Hydra', 22, 'https://github.com/ory/hydra', 6, ''),
(731, 'Kali Linux', 167, 'https://www.kali.org', 12, ''),
(732, 'LinSSID', 9, 'https://sourceforge.net/projects/linssid/', 12, ''),
(733, 'Metasploit Framework', 11, 'https://github.com/rapid7/metasploit-framework', 8, ''),
(734, 'MISP', 11, 'https://github.com/MISP/MISP', 3, ''),
(735, 'NonVisual Desktop Access', 1, 'https://github.com/nvaccess/nvda/', 18, ''),
(736, 'OpenSSL', 54, 'https://github.com/openssl/openssl', 6, ''),
(737, 'Qalculate!', 130, 'https://qalculate.github.io/', 18, ''),
(738, 'qpdfview', 179, 'https://launchpad.net/qpdfview', 18, ''),
(739, 'Rundeck', 23, 'https://github.com/rundeck/rundeck', 6, ''),
(740, 'Sagui', 3, 'https://sourceforge.net/projects/sagui/', 18, ''),
(741, 'sqlmap', 11, 'http://sqlmap.org/', 18, ''),
(742, 'Sticyk Notes', 69, 'https://www.microsoft.com/en-us/p/sticky-notes-8/9wzdncrfhww9', 49, ''),
(743, 'tomboy-ng', 119, 'https://github.com/tomboy-notes/tomboy-ng', 12, ''),
(744, 'unrar', 41, 'https://unrar.org', 26, ''),
(745, 'virt-viewer', 203, 'https://gitlab.com/virt-viewer/virt-viewer', 18, ''),
(746, 'Wink', 1, 'https://www.baixaki.com.br/download/wink.htm', 48, ''),
(747, 'Xournal', 69, 'http://xournal.sourceforge.net/', 17, ''),
(748, 'PDF Lite', 144, 'http://www.pdflite.com/', 20, ''),
(749, 'Freeplane', 128, 'https://www.freeplane.org/wiki/index.php/Home', 18, ''),
(750, 'Otimizador PDF', 144, 'https://portal.trt14.jus.br/portal/otimizador-pdf', 48, ''),
(751, 'PDF Merge Tool', 144, 'https://sourceforge.net/projects/pdfmergetool/', 20, ''),
(752, 'the dude', 139, 'https://sourceforge.net/projects/the-dude/', 88, ''),
(753, 'Arduino IDE', 113, 'https://www.arduino.cc/en/Main.Software', 18, ''),
(754, 'Pascalzim', 127, 'https://pascalzimbr.blogspot.com', 48, ''),
(755, 'Portugol Studio', 127, 'http://lite.acad.univali.br/portugol/', 20, ''),
(756, 'Scratch', 127, 'https://scratch.mit.edu/', 48, ''),
(758, 'Mamp', 5, 'https://www.mamp.info/en/windows/', 48, ''),
(759, 'MuseScore', 219, 'https://musescore.org/pt-br', 18, ''),
(760, 'Veyon', 139, 'https://veyon.io/', 18, ''),
(761, 'Assistat', 73, 'https://www.baixesoft.com/download/assistat', 48, ''),
(762, 'GPS TrackMaker Free', 117, 'https://www.trackmaker.com/main/en/', 48, ''),
(763, 'Sisvar', 73, 'http://www.dex.ufla.br/~danielff/programas/sisvar.html', 48, ''),
(764, 'DOSVOX', 1, 'http://intervox.nce.ufrj.br/dosvox/', 48, ''),
(765, 'CmapTools', 130, 'https://github.com/shaharkadmiel/cmaptools', 20, ''),
(766, 'FOG', 217, 'https://fogproject.org/', 20, ''),
(767, 'Rinetd', 220, 'http://www.rinetd.com/', 18, ''),
(768, 'Tim Tec', 221, 'https://github.com/institutotim/timtec', 48, ''),
(769, 'openDCIM', 122, 'https://github.com/samilliken/openDCIM', 20, ''),
(770, 'Django', 79, 'https://www.djangoproject.com/', 99, ''),
(771, 'ScrollOut', 79, 'https://scroll-out.github.io/', 31, ''),
(772, 'Arduino Simulator', 222, 'https://sourceforge.net/projects/arduino-simulator-io/', 48, ''),
(773, 'Astah Community', 138, 'https://astah.net/products/astah-community/', 100, ''),
(774, 'BlueJ', 5, 'https://www.bluej.org/', 18, ''),
(775, 'CADe SIMU / PC SIMU', 222, 'https://cadesimu.net/', 48, ''),
(776, 'Comodo Browser', 121, 'https://browser.comodo.com/', 48, ''),
(777, 'CurveExpert', 130, 'https://www.curveexpert.net/', 49, ''),
(778, 'Falstad', 222, 'https://falstad.com/circuit/', 48, ''),
(779, 'Fritzing', 222, 'https://github.com/fritzing/fritzing-app', 20, ''),
(780, 'GameMaker', 223, 'https://www.yoyogames.com/gamemaker', 49, '');
INSERT INTO `software` (`codigo`, `nome`, `codigo_categoria`, `website`, `codigo_licenca`, `observacoes`) VALUES
(781, 'Logisim', 222, 'https://sourceforge.net/projects/circuit/', 18, ''),
(782, 'Midori Browser', 121, 'https://gitlab.com/midori-web/midori-desktop', 20, ''),
(783, 'Robocode', 224, 'https://robocode.sourceforge.io/', 15, ''),
(784, 'RoboMind', 224, 'https://www.robomind.net', 49, ''),
(785, 'RobotBasic', 224, 'http://www.robotbasic.org/', 48, ''),
(786, 'Scratch For Arduino', 127, 'http://s4a.cat/', 31, ''),
(787, 'SeaMonkey', 121, 'https://www.seamonkey-project.org/', 34, ''),
(788, 'Torch Browser', 121, 'https://torchbrowser.com/', 48, ''),
(789, 'ArduSim', 222, 'https://sourceforge.net/projects/ardusim/', 18, ''),
(790, 'Licitateca', 225, 'https://solucoes.ifmg.edu.br/licitateca/', 18, ''),
(791, 'Recepta', 226, 'https://solucoes.ifmg.edu.br/recepta/', 18, ''),
(792, 'Sidec', 227, 'https://solucoes.ifmg.edu.br/sidec/', 18, ''),
(793, 'Sisplan', 228, 'https://solucoes.ifmg.edu.br/sisplan/', 18, ''),
(794, 'VOX', 142, 'https://solucoes.ifmg.edu.br/repositorio/visao/versao.frm.php?id_sistema=10', 81, ''),
(795, 'Prato', 229, 'https://solucoes.ifmg.edu.br/repositorio_doc/softwares/leiame_prato.txt', 81, ''),
(796, 'GesCont', 230, 'https://solucoes.ifmg.edu.br/gescont/', 18, ''),
(797, 'Conta Academica', 227, 'https://solucoes.ifmg.edu.br/repositorio/visao/versao.frm.php?id_sistema=8', 81, ''),
(798, 'SICAD', 107, 'https://solucoes.ifmg.edu.br/repositorio/visao/versao.frm.php?id_sistema=9', 81, ''),
(799, 'SirSaude', 231, '', 18, ''),
(800, 'Noturno', 232, 'https://solucoes.ifmg.edu.br/repositorio/visao/versao.frm.php?id_sistema=14', 18, ''),
(801, 'AssisExt', 102, 'https://solucoes.ifmg.edu.br/repositorio/visao/versao.frm.php?id_sistema=15', 18, ''),
(802, 'Sispec', 92, 'https://solucoes.ifmg.edu.br/repositorio/visao/versao.frm.php?id_sistema=12', 18, ''),
(803, 'Navegador PJe', 121, 'https://www.cnj.jus.br/wiki/index.php/Navegador_PJe', 48, ''),
(804, 'Tableau Public', 7, 'https://public.tableau.com/s/', 48, ''),
(805, 'Flash Player', 233, 'https://get.adobe.com/br/flashplayer/', 48, ''),
(806, 'Heroku Cli', 217, 'https://github.com/heroku/cli', 23, ''),
(807, 'Clic02 Edit', 69, 'https://clic02-edit.updatestar.com/pt', 53, ''),
(808, 'Cocos2d', 223, 'http://www.cocos2d.org/', 101, ''),
(809, 'Composer', 90, 'https://github.com/composer/composer', 31, ''),
(810, 'Epic Games Launcher', 223, 'https://pt.freedownloadmanager.org/Windows-PC/Epic-Games-Launcher-GRATUITO.html', 48, ''),
(811, 'Foxit', 144, 'https://www.foxitsoftware.com/downloads/', 49, ''),
(813, 'Jaspersoft Studio', 158, 'https://sourceforge.net/projects/jasperstudio/', 15, ''),
(814, 'Kicad', 234, 'https://www.kicad.org/', 20, ''),
(815, 'Krita', 68, 'https://krita.org', 20, ''),
(816, 'libGDX', 223, 'https://libgdx.com/', 6, ''),
(817, 'npm', 90, 'https://www.npmjs.com/get-npm', 88, ''),
(818, 'OpenToonz', 233, 'https://opentoonz.github.io/e/', 36, ''),
(819, 'Repetier', 209, 'https://www.repetier.com/', 48, ''),
(820, 'WinPcap', 9, 'https://www.winpcap.org/', 102, ''),
(821, 'LyX', 70, 'https://www.lyx.org/', 18, ''),
(822, 'WPS', 172, 'https://www.wps.com/', 48, ''),
(823, 'Genymotion', 235, 'https://www.genymotion.com/', 49, ''),
(824, 'Balsamiq', 113, 'https://balsamiq.com/', 49, ''),
(825, 'MinGW', 5, 'http://mingw.org/', 12, ''),
(826, 'HWiNFO', 139, 'https://www.hwinfo.com/', 48, ''),
(827, 'Speccy', 139, 'https://www.ccleaner.com/speccy', 48, ''),
(828, 'Unity', 223, 'https://unity.com/', 49, ''),
(829, 'Houdini', 223, 'https://www.sidefx.com/', 49, ''),
(830, 'RPG Maker', 223, 'https://www.rpgmakerweb.com', 49, ''),
(831, 'Reboot Restore Rx', 202, 'http://rebootrestore.com/', 49, ''),
(832, 'Synfig', 233, 'https://www.synfig.org/', 20, ''),
(833, 'ZBBR (Zoneamento Bioclimático do Brasil)', 117, 'https://labeee.ufsc.br/downloads/softwares/zbbr', 48, ''),
(834, 'Eberick', 236, 'https://altoqi.com.br/eberick/', 49, ''),
(835, 'Ftool', 236, 'https://www.ftool.com.br/Ftool/', 48, ''),
(836, 'OpenSCAD', 236, 'https://www.openscad.org/', 18, ''),
(837, 'P-Calc', 236, 'https://store.tqs.com.br/apps/p-calc/ejm1se496l', 48, ''),
(838, 'Oracle JDK', 127, 'https://www.java.com/pt-BR/', 48, ''),
(839, 'Kdenlive', 195, 'https://kdenlive.org/en/', 17, ''),
(840, 'Cisco Packet Tracer', 9, 'https://www.netacad.com/courses/packet-tracer', 48, ''),
(841, 'K-Lite Codec Pack', 161, 'https://www.codecguide.com/download_kl.htm', 48, ''),
(842, 'CapRover', 217, 'https://caprover.com/', 6, ''),
(843, 'Vue.js', 79, 'https://vuejs.org/', 31, ''),
(844, 'Vuetify', 79, 'https://vuetifyjs.com/en/', 31, ''),
(845, 'Apollo GraphQL', 28, 'https://www.apollographql.com/', 49, ''),
(846, 'Prisma', 37, 'https://github.com/prisma/prisma', 6, ''),
(847, 'BackupPC', 26, 'https://github.com/backuppc/backuppc', 20, ''),
(848, 'CakePHP', 79, 'https://cakephp.org/', 31, ''),
(849, 'Play Framework', 79, 'https://www.playframework.com/', 6, ''),
(850, 'Formscanner', 155, 'http://www.formscanner.org/', 20, ''),
(851, 'Gliffy', 61, 'https://www.gliffy.com/', 49, ''),
(852, 'Sentry', 139, 'https://sentry.io/welcome/', 49, ''),
(853, 'Gnuteca', 237, 'https://www.solis.com.br/gnuteca', 49, ''),
(854, 'SIGA-EPCT', 238, 'https://softwarepublico.gov.br/social/siga', 100, ''),
(855, 'Spyder', 113, 'https://github.com/spyder-ide/spyder', 31, ''),
(856, 'Dragon Bones', 233, 'https://dragonbones.github.io/en/download.html', 48, ''),
(857, 'MPLAB X IDE', 113, 'https://www.microchip.com/mplab/mplab-x-ide', 48, ''),
(858, 'Automation Studio', 236, 'http://www.automationstudio.com/', 49, ''),
(859, 'CX-One', 234, 'https://automation.omron.com/pt/br/products/family/cxone', 49, ''),
(860, 'Elipse Scada', 239, 'https://www.elipse.com.br/downloads/', 49, ''),
(861, 'Winplot', 82, 'https://winplot.softonic.com.br/?ex=BB-1549.1', 48, ''),
(862, 'SQLTools', 37, 'https://sourceforge.net/projects/sqlt/', 20, ''),
(863, 'PICSimLab', 222, 'https://sourceforge.net/projects/picsim/', 18, ''),
(864, 'SourceBoost', 127, 'http://www.sourceboost.com/', 48, ''),
(865, 'Oracle Database', 28, 'https://www.oracle.com/br/database/', 49, ''),
(866, 'Adobe Creative XD', 240, 'https://www.adobe.com/creativecloud.html?', 49, ''),
(867, 'Spriter', 233, 'https://github.com/Trixt0r/spriter', 6, ''),
(868, 'ApowerEdit', 195, 'https://www.apowersoft.com.br/video-editor', 48, ''),
(869, 'HitFilm Express', 195, 'https://www.malavida.com/br/soft/hitfilm-express/', 48, ''),
(870, 'CEDAR Logic', 222, 'https://sourceforge.net/projects/cedarlogic/', 8, ''),
(871, 'OpenCobolIDE', 113, 'https://pypi.org/project/OpenCobolIDE/', 20, ''),
(872, 'Haskell', 127, 'https://github.com/haskell/haskell-platform', 103, ''),
(873, 'Magicavoxel', 68, 'https://www.voxelmade.com/magicavoxel/', 48, ''),
(874, 'Qt', 79, 'https://www.qt.io/', 49, ''),
(875, 'Scala', 127, 'https://github.com/scala/scala', 6, ''),
(876, 'Scala IDE', 113, 'http://scala-ide.org/', 10, ''),
(877, 'Flowgorithm', 61, 'http://flowgorithm.org/', 48, ''),
(878, 'LTspice', 222, 'https://www.analog.com/en/design-center/design-tools-and-calculators/ltspice-simulator.html#', 48, ''),
(879, 'Umbrello', 138, 'https://umbrello.kde.org/', 18, ''),
(880, 'Vertrigo', 5, 'https://sourceforge.net/projects/vertrigo/', 12, ''),
(881, 'Fortes AC', 241, 'https://fortes-ac.updatestar.com/pt', 53, ''),
(882, 'PSIM', 222, 'https://powersimtech.com/products/psim/', 49, ''),
(883, 'Autocad', 236, 'https://www.autodesk.com/products', 49, ''),
(884, 'SoftMaker', 172, 'https://www.softmaker.com/pt/softmaker-office', 49, ''),
(885, 'Hiren’s BootCD PE', 199, 'https://www.hirensbootcd.org/', 48, ''),
(886, 'AnyDesk', 2, '', 48, ''),
(887, 'ToolWiz', 68, '', 48, ''),
(888, 'Poly', 130, 'https://github.com/Bodigrim/poly', 10, ''),
(889, 'Sweet Home 3D', 66, 'http://www.sweethome3d.com/pt/', 17, ''),
(890, 'CutePDF', 144, 'https://www.cutepdf.com/index.htm', 48, ''),
(891, 'Bitvise', 170, 'https://www.bitvise.com/', 48, ''),
(892, 'Avast', 13, 'https://www.avast.com/', 48, ''),
(893, 'Slack', 132, 'https://slack.com/intl/pt-br/', 49, ''),
(894, 'LAN Messenger', 132, 'http://lanmsngr.sourceforge.net/', 20, ''),
(895, 'Tuleap', 1, 'https://github.com/Enalean/tuleap', 18, ''),
(896, 'Gulp', 79, 'https://github.com/gulpjs/gulp', 31, ''),
(897, 'SNEP', 182, 'https://sourceforge.net/projects/snep/', 12, ''),
(898, 'SIM Next Intelbras', 139, 'https://smsolution.com.br/produto/software-de-monitoramento-de-cameras-sim-next-intelbras/', 48, ''),
(899, 'Ardublock', 5, 'https://sourceforge.net/projects/ardublock/', 20, ''),
(900, 'keepalive', 242, 'https://github.com/wikier/keepalive', 28, ''),
(901, 'Koha', 237, 'https://github.com/Koha-Community/Koha', 20, ''),
(902, 'Hudson', 120, 'https://github.com/hudson/hudson-2.x', 31, ''),
(903, 'Logserver', 21, 'https://github.com/Stratoscale/logserver', 6, ''),
(904, 'NAPS2', 189, 'https://sourceforge.net/projects/naps2/', 18, ''),
(905, 'Adobe Air', 5, 'https://get.adobe.com/br/air/', 48, ''),
(906, 'AntConc', 12, 'http://www.laurenceanthony.net/software/antconc/', 48, ''),
(907, 'AntFileConverter', 189, 'http://www.laurenceanthony.net/software/antfileconverter/', 48, ''),
(908, 'Appraisal Assistant', 243, 'https://www.sqi.griffith.edu.au/AppraisalAssistant/indexFrameset.html', 49, ''),
(909, 'BioEdit', 244, 'https://bioedit.software.informer.com/7.2/', 48, ''),
(910, 'BioEstat', 244, 'https://bioestat.software.informer.com/5.0/', 48, ''),
(911, 'COFE', 153, 'https://www.colan.org/process-modeling-environment/cofe/', 49, ''),
(912, 'Cosmotherm', 153, 'https://www.colan.org/process-modeling-component/cosmotherm/', 49, ''),
(913, 'DAMBE', 153, 'https://pt.freedownloadmanager.org/Windows-PC/DAMBE-GRATUITO.html', 48, ''),
(914, 'Doro PDF', 144, 'https://doro-pdf-writer.br.uptodown.com/windows', 48, ''),
(915, 'Evernote', 34, 'https://evernote.com/intl/pt-br/', 48, ''),
(916, 'Evin', 245, 'https://eventos.utfpr.edu.br/', 49, ''),
(917, 'Figma', 240, 'https://www.figma.com/', 49, ''),
(919, 'Gapminder Tools', 117, 'https://www.gapminder.org/tools/', 48, ''),
(920, 'GBOL', 244, 'http://arquivo.ufv.br/dbg/gbolhtm/gbol0.HTM', 49, ''),
(921, 'Github', 51, 'https://github.com/', 49, ''),
(922, 'GitKraken', 51, 'https://www.gitkraken.com/', 48, ''),
(923, 'gnuplot', 82, 'http://www.gnuplot.info/', 48, ''),
(924, 'Google Analytics', 7, 'https://analytics.google.com', 48, ''),
(925, 'Google Data Studio', 7, 'https://datastudio.google.com', 48, ''),
(926, 'Google Forms', 152, 'https://www.google.com/forms', 48, ''),
(927, 'GSuite', 172, 'https://workspace.google.com/', 49, ''),
(928, 'HEC-HMS', 236, 'https://www.hec.usace.army.mil/software/hec-hms/', 48, ''),
(929, 'HEC-RAS', 236, 'https://www.hec.usace.army.mil/software/hec-ras/', 48, ''),
(930, 'Hexonic ScanToPDF', 144, 'http://www.hexonic-software.com/index.php/hexonic-scantopdf', 48, ''),
(931, 'Hot Potatoes', 246, 'https://hot-potatoes.softonic.com.br/', 48, ''),
(932, 'Hubnet', 247, 'https://www.hubnet.io/', 49, ''),
(933, 'IBM Ported Tools', 248, 'https://www-01.ibm.com/common/ssi/printableversion.wss', 49, ''),
(934, 'iCloud', 217, 'https://www.icloud.com/', 49, ''),
(935, 'SPRING - Sistema de Processamento de Informações Georreferenciadas', 117, 'http://www.dpi.inpe.br/spring/portugues/index.html', 48, ''),
(936, 'IrFanView', 210, 'https://www.irfanview.com/', 48, ''),
(937, 'iTunes', 161, 'https://www.apple.com/br/itunes/', 48, ''),
(938, 'iVMS', 249, 'https://play.google.com/store/search?q=ivms', 48, ''),
(939, 'JBoss Data Virtualization', 32, 'https://access.redhat.com/products/red-hat-jboss-data-virtualization/', 49, ''),
(940, 'Junkware Removal Tool', 208, 'https://br.malwarebytes.com/junkwareremovaltool/', 100, ''),
(941, 'Kaspersky', 13, 'https://www.kaspersky.com.br/', 49, ''),
(942, 'LabVIEW', 236, 'https://www.ni.com/pt-br/shop/labview.html', 49, ''),
(943, 'Master PDF', 144, 'https://code-industry.net/masterpdfeditor/', 49, ''),
(944, 'Material Design', 240, 'https://material.io/design', 48, ''),
(945, 'Intel Math Kernel Library ', 130, 'https://www.nsc.liu.se/software/math-libraries/', 48, ''),
(946, 'Maya', 233, 'https://www.autodesk.com.br/products/maya/overview', 49, ''),
(947, 'MEGA', 244, 'https://www.megasoftware.net/', 48, ''),
(948, 'Microsoft R Open', 73, 'https://github.com/Microsoft/microsoft-r-open', 48, ''),
(949, 'Mendeley', 97, 'https://www.mendeley.com', 48, ''),
(950, 'Microsoft Office Starter', 172, 'https://br.ccm.net/download/baixaki-14525-microsoft-office-starter-2010', 100, ''),
(951, 'Nessus Essentials', 11, 'https://pt-br.tenable.com/products/nessus', 48, ''),
(952, 'NetLogo', 5, 'https://ccl.northwestern.edu/netlogo/', 48, ''),
(953, 'Opera Browser', 121, 'https://www.opera.com/pt-br', 48, ''),
(954, 'OrCAD Capture', 236, 'https://www.orcad.com/pt/products/orcad-capture/overview', 49, ''),
(955, 'OrCAD Spice', 236, 'https://www.orcad.com/products/orcad-pspice-designer/overview', 49, ''),
(956, 'PAUP', 244, 'http://paup.phylosolutions.com/', 49, ''),
(957, 'PDFTk', 144, 'https://github.com/MeteorPackaging/pdftk', 31, ''),
(958, 'Pergamum', 237, 'http://www.pergamum.pucpr.br/', 49, ''),
(959, 'Programa Gerador de Declaração - PGD', 211, 'http://receita.economia.gov.br/orientacao/tributaria/declaracoes-e-demonstrativos/derc-rendimentos-pagos-a-consultores-por-organismos-intern/programa-gerador-da-declaracao-pgd', 48, ''),
(960, 'Piwik', 7, 'https://piwik.com.br/', 49, ''),
(961, 'PyRx', 153, 'https://pyrx.sourceforge.io/', 48, ''),
(962, 'QlikView', 7, 'https://www.qlik.com/pt-br/products/qlikview', 49, ''),
(963, 'QtiPlot', 178, 'https://qtiplot.com/', 49, ''),
(964, 'Quartus II Web Edition', 236, 'https://fpgasoftware.intel.com/13.0sp1/?edition=web', 48, ''),
(965, 'REDCap', 152, 'https://www.project-redcap.org/', 48, ''),
(966, 'SAM (Spatial Analysis in Macroecology)', 73, 'https://www.ecoevol.ufg.br/sam/', 48, ''),
(967, 'Microsoft Security Essentials', 11, 'https://support.microsoft.com/en-us/windows/what-is-microsoft-security-essentials-c25ad47a-7d15-8072-1438-b07dffcbbb20', 48, ''),
(968, 'Serpro Drive', 17, 'https://www.loja.serpro.gov.br/serprodrive', 49, ''),
(969, 'SIMCAQ', 107, 'https://www.simcaq.c3sl.ufpr.br/about', 48, ''),
(970, 'Sketchup', 66, 'https://www.sketchup.com/pt-BR', 49, ''),
(971, 'SmartGIT', 38, 'https://www.syntevo.com/smartgit/', 48, ''),
(972, 'SmartSVN', 38, 'https://www.smartsvn.com/', 48, ''),
(973, 'SMath Studio', 130, 'https://en.smath.com/view/SMathStudio/summary', 48, ''),
(974, 'Spiceworks IT Tools for IT Pros', 239, 'https://community.spiceworks.com/tools', 48, ''),
(975, 'SplitsTree', 244, 'https://www.wsi.uni-tuebingen.de/lehrstuehle/algorithms-in-bioinformatics/software/splitstree/', 48, ''),
(976, 'Splunk', 239, 'https://www.splunk.com/', 49, ''),
(977, 'StarGenetics', 244, 'http://star.mit.edu/genetics/', 48, ''),
(978, 'Swiss-PdbViewer', 244, 'https://spdbv.vital-it.ch/', 48, ''),
(979, 'Norton Antivirus', 11, 'https://br.norton.com/products', 49, ''),
(980, 'TabWin', 73, 'http://www2.datasus.gov.br/DATASUS/index.php?area=060805', 48, ''),
(981, 'TNT Tree analysis using New Technology', 244, 'http://www.lillo.org.ar/phylogeny/tnt', 48, ''),
(982, 'TREE-PUZZLE', 244, 'http://www.tree-puzzle.de/', 48, ''),
(983, 'Trello', 96, 'https://trello.com/', 48, ''),
(984, 'trixbox CE', 182, 'https://sourceforge.net/projects/asteriskathome/', 18, ''),
(985, 'Typora', 69, 'https://typora.io/', 49, ''),
(986, 'UniPDF', 144, 'https://unipdf.com/pt/', 48, ''),
(987, 'USEPA Cape Open Class Library', 153, 'https://pt.freedownloadmanager.org/Windows-PC/USEPA-Cape-Open-Class-Library-with-WAR-Add-In-GRATUITO.html', 48, ''),
(988, 'Visio', 61, 'https://www.microsoft.com/pt-br/microsoft-365/visio/flowchart-software', 49, ''),
(989, 'Visual C++', 113, 'https://support.microsoft.com/pt-br/help/2977003/the-latest-supported-visual-c-downloads', 48, ''),
(990, 'Visual Paradigm', 137, 'https://www.visual-paradigm.com', 49, ''),
(991, 'VLibras', 1, 'https://softwarepublico.gov.br/social/suite-vlibras', 83, ''),
(992, 'VMware Hypervisor', 176, 'https://my.vmware.com/en/web/vmware/evalcenter?p=free-esxi7', 48, ''),
(993, 'Weeny Free Key Recovery', 26, 'https://pt.freedownloadmanager.org/Windows-PC/Weeny-Free-Key-Recovery-GRATUITO.html', 48, ''),
(994, 'WINPEPI', 73, 'http://www.brixtonhealth.com/pepi4windows.html', 48, ''),
(995, 'WinRAR', 41, 'https://www.win-rar.com/start.html?&L=0', 53, ''),
(996, 'WSO2 Data Services Server (WSO2 DSS)', 247, 'https://wso2.com/products/data-services-server/', 6, ''),
(997, 'WSO2 Enterprise Integrator (WSO2 EI)', 247, 'https://wso2.com/integration/', 49, ''),
(998, 'WSO2 Enterprise Service Bus', 247, 'https://wso2.com/products/enterprise-service-bus/', 49, ''),
(999, 'XMedia', 189, 'https://www.xmedia-recode.de/en/', 48, ''),
(1000, 'Xvid', 161, 'https://www.xvid.com/', 48, ''),
(1001, 'Zabaware', 251, 'https://www.zabaware.com/', 49, ''),
(1002, 'ZEN lite', 252, 'https://en.freedownloadmanager.org/Windows-PC/ZEN-lite-FREE.html', 48, ''),
(1003, 'Zip IT', 41, 'https://pt.freedownloadmanager.org/Windows-PC/Zip-IT.html', 53, ''),
(1004, 'Zoiper', 182, 'https://www.zoiper.com/', 49, ''),
(1005, 'SUSE Linux Enterprise Server', 167, 'https://www.suse.com/products/server/', 49, ''),
(1006, 'Logic Circuit', 222, 'https://www.logiccircuit.org/download.html', 48, ''),
(1007, 'TDPS – Estratégias de controle para processos industriais', 253, 'http://apcmode.com/?page_id=52', 48, ''),
(1008, 'Kubuntu', 167, 'https://kubuntu.org/', 17, ''),
(1009, 'Alpine Linux', 167, 'https://www.alpinelinux.org/', 17, ''),
(1010, 'Untangle', 167, 'https://www.untangle.com/untangle-ng-firewall/', 49, ''),
(1011, 'Aleph', 31, 'https://github.com/alephdata/aleph', 31, ''),
(1012, 'AnkhSVN', 38, 'https://github.com/AnkhSVN/AnkhSVN', 6, ''),
(1013, 'Assinador Livre - TJRJ', 19, 'https://portaltj.tjrj.jus.br/web/guest/processo-eletronico/apresentacao/assinador-livre', 48, ''),
(1014, 'Gnucash', 254, 'https://gnucash.org/', 17, ''),
(1015, 'LibreCAD', 236, 'https://librecad.org/', 18, ''),
(1016, 'PDFill PDF Tools', 144, 'https://pdfill-pdf-tools.en.lo4d.com/windows', 48, ''),
(1017, 'Amazon Linux', 167, 'https://aws.amazon.com/pt/mp/solutions/amazonlinux/', 49, ''),
(1018, 'Tiki Wiki', 186, 'https://info.tiki.org/', 28, ''),
(1019, 'Aloha', 153, 'https://www.epa.gov/cameo/aloha-software', 48, ''),
(1020, 'ANATEM', 255, 'http://www.cepel.br/pt_br/produtos/anatem-analise-de-transitorios-eletromecanicos.htm', 49, ''),
(1021, 'OpenFlow', 253, 'https://www.beicip.com/openflow-suite', 49, ''),
(1022, 'OpenWorks', 89, 'https://www.landmark.solutions/OpenWorks', 49, ''),
(1023, 'OpenCPN', 83, 'https://www.opencpn.org/', 49, ''),
(1024, 'OpenFOAM', 153, 'https://www.openfoam.com', 20, ''),
(1025, 'PolyMon', 9, 'https://archive.codeplex.com/?p=polymon', 48, ''),
(1026, 'OrcaFlex', 256, 'https://www.orcina.com/orcaflex/', 49, '');

-- --------------------------------------------------------

--
-- Estrutura para tabela `software_orgao`
--

CREATE TABLE `software_orgao` (
  `codigo_software` int NOT NULL,
  `codigo_orgao` int NOT NULL
) ENGINE=InnoDB DEFAULT CHARSET=utf8 COLLATE=utf8_unicode_ci;

--
-- Despejando dados para a tabela `software_orgao`
--

INSERT INTO `software_orgao` (`codigo_software`, `codigo_orgao`) VALUES
(1, 11),
(1, 51),
(1, 70),
(2, 30),
(2, 83),
(3, 83),
(4, 32),
(4, 43),
(4, 68),
(4, 99),
(4, 129),
(4, 156),
(5, 13),
(5, 62),
(5, 83),
(5, 106),
(5, 123),
(5, 146),
(6, 54),
(7, 21),
(7, 60),
(8, 60),
(9, 9),
(9, 54),
(9, 85),
(9, 125),
(9, 134),
(9, 149),
(9, 167),
(10, 20),
(10, 44),
(10, 54),
(10, 83),
(10, 134),
(10, 147),
(10, 149),
(10, 167),
(11, 62),
(11, 63),
(11, 67),
(11, 73),
(11, 75),
(11, 76),
(11, 83),
(12, 19),
(12, 85),
(13, 8),
(13, 24),
(13, 25),
(13, 29),
(13, 68),
(13, 83),
(13, 84),
(13, 85),
(13, 91),
(13, 92),
(13, 93),
(13, 125),
(13, 137),
(14, 63),
(14, 85),
(15, 3),
(15, 8),
(15, 11),
(15, 12),
(15, 14),
(15, 16),
(15, 17),
(15, 18),
(15, 21),
(15, 22),
(15, 24),
(15, 25),
(15, 28),
(15, 29),
(15, 33),
(15, 34),
(15, 35),
(15, 38),
(15, 40),
(15, 43),
(15, 44),
(15, 45),
(15, 46),
(15, 47),
(15, 48),
(15, 50),
(15, 54),
(15, 60),
(15, 61),
(15, 64),
(15, 66),
(15, 67),
(15, 68),
(15, 69),
(15, 75),
(15, 77),
(15, 81),
(15, 83),
(15, 84),
(15, 85),
(15, 88),
(15, 90),
(15, 91),
(15, 92),
(15, 93),
(15, 95),
(15, 101),
(15, 105),
(15, 107),
(15, 112),
(15, 113),
(15, 117),
(15, 120),
(15, 123),
(15, 126),
(15, 131),
(15, 136),
(15, 139),
(15, 141),
(15, 145),
(15, 149),
(15, 150),
(15, 151),
(15, 153),
(15, 156),
(15, 166),
(15, 167),
(16, 47),
(16, 48),
(16, 60),
(16, 91),
(17, 48),
(17, 60),
(17, 65),
(17, 68),
(17, 83),
(17, 90),
(17, 97),
(18, 48),
(19, 11),
(19, 12),
(19, 18),
(19, 24),
(19, 25),
(19, 28),
(19, 34),
(19, 38),
(19, 45),
(19, 47),
(19, 48),
(19, 50),
(19, 54),
(19, 60),
(19, 66),
(19, 77),
(19, 84),
(19, 85),
(19, 99),
(19, 105),
(19, 110),
(19, 113),
(19, 117),
(19, 123),
(19, 127),
(19, 131),
(19, 133),
(19, 139),
(19, 145),
(19, 149),
(19, 156),
(20, 24),
(21, 61),
(22, 76),
(22, 83),
(22, 91),
(23, 34),
(23, 48),
(23, 60),
(23, 132),
(24, 34),
(24, 149),
(24, 167),
(25, 64),
(26, 79),
(26, 83),
(27, 12),
(27, 34),
(27, 38),
(27, 39),
(27, 43),
(27, 83),
(27, 105),
(27, 151),
(27, 158),
(28, 44),
(28, 48),
(28, 55),
(28, 60),
(28, 79),
(28, 81),
(28, 85),
(28, 149),
(28, 167),
(29, 17),
(29, 19),
(29, 39),
(29, 44),
(29, 74),
(29, 79),
(29, 81),
(29, 83),
(29, 85),
(29, 134),
(29, 141),
(29, 149),
(29, 167),
(30, 54),
(31, 81),
(31, 83),
(32, 44),
(32, 54),
(33, 76),
(33, 92),
(34, 21),
(35, 8),
(35, 24),
(35, 34),
(35, 45),
(35, 50),
(35, 62),
(35, 83),
(35, 105),
(35, 112),
(35, 119),
(35, 141),
(35, 146),
(35, 167),
(36, 44),
(36, 133),
(36, 137),
(37, 54),
(38, 54),
(39, 17),
(40, 16),
(40, 24),
(40, 25),
(40, 28),
(40, 44),
(40, 47),
(40, 60),
(40, 83),
(40, 91),
(40, 105),
(40, 112),
(40, 134),
(40, 136),
(40, 137),
(41, 23),
(41, 27),
(41, 52),
(41, 54),
(41, 79),
(41, 81),
(41, 85),
(41, 149),
(41, 167),
(42, 44),
(43, 48),
(44, 17),
(45, 62),
(45, 63),
(45, 67),
(45, 167),
(46, 54),
(46, 134),
(46, 147),
(46, 149),
(46, 150),
(46, 167),
(47, 34),
(47, 41),
(47, 70),
(47, 82),
(48, 19),
(48, 69),
(48, 81),
(48, 83),
(48, 84),
(49, 3),
(49, 12),
(49, 29),
(49, 48),
(49, 57),
(49, 76),
(49, 81),
(49, 144),
(50, 69),
(51, 13),
(51, 61),
(52, 2),
(52, 3),
(52, 7),
(52, 8),
(52, 11),
(52, 17),
(52, 18),
(52, 21),
(52, 24),
(52, 25),
(52, 29),
(52, 31),
(52, 34),
(52, 36),
(52, 44),
(52, 45),
(52, 46),
(52, 51),
(52, 54),
(52, 58),
(52, 60),
(52, 64),
(52, 68),
(52, 69),
(52, 72),
(52, 73),
(52, 77),
(52, 78),
(52, 82),
(52, 83),
(52, 85),
(52, 88),
(52, 90),
(52, 91),
(52, 92),
(52, 94),
(52, 96),
(52, 98),
(52, 99),
(52, 105),
(52, 107),
(52, 109),
(52, 114),
(52, 116),
(52, 117),
(52, 120),
(52, 122),
(52, 126),
(52, 127),
(52, 131),
(52, 132),
(52, 133),
(52, 136),
(52, 140),
(52, 145),
(52, 151),
(52, 154),
(52, 156),
(52, 157),
(52, 158),
(52, 161),
(52, 163),
(52, 168),
(53, 38),
(53, 57),
(53, 60),
(53, 83),
(55, 83),
(56, 44),
(56, 81),
(56, 85),
(56, 149),
(57, 30),
(57, 43),
(57, 54),
(57, 83),
(57, 133),
(57, 149),
(58, 44),
(59, 43),
(59, 60),
(59, 69),
(59, 85),
(60, 29),
(60, 48),
(60, 149),
(60, 167),
(61, 83),
(62, 60),
(63, 83),
(64, 84),
(65, 9),
(65, 52),
(65, 54),
(65, 61),
(65, 134),
(65, 147),
(65, 149),
(65, 167),
(66, 54),
(66, 62),
(67, 54),
(68, 83),
(69, 62),
(69, 83),
(70, 60),
(70, 83),
(71, 40),
(72, 34),
(72, 83),
(73, 17),
(73, 81),
(74, 84),
(75, 43),
(76, 19),
(77, 61),
(77, 134),
(77, 149),
(78, 3),
(78, 13),
(78, 21),
(78, 47),
(78, 48),
(78, 50),
(78, 62),
(78, 63),
(78, 67),
(78, 85),
(78, 91),
(78, 133),
(79, 3),
(79, 7),
(79, 8),
(79, 11),
(79, 12),
(79, 13),
(79, 17),
(79, 18),
(79, 20),
(79, 25),
(79, 26),
(79, 36),
(79, 40),
(79, 43),
(79, 44),
(79, 48),
(79, 50),
(79, 51),
(79, 60),
(79, 63),
(79, 68),
(79, 72),
(79, 77),
(79, 78),
(79, 81),
(79, 82),
(79, 83),
(79, 84),
(79, 85),
(79, 88),
(79, 92),
(79, 94),
(79, 96),
(79, 98),
(79, 105),
(79, 107),
(79, 109),
(79, 121),
(79, 132),
(79, 133),
(79, 137),
(79, 140),
(79, 145),
(79, 146),
(79, 147),
(79, 149),
(79, 150),
(79, 151),
(79, 152),
(79, 153),
(79, 154),
(79, 156),
(79, 157),
(79, 158),
(79, 160),
(79, 161),
(79, 167),
(79, 168),
(80, 63),
(80, 69),
(80, 83),
(81, 83),
(82, 83),
(83, 9),
(83, 27),
(83, 52),
(83, 134),
(83, 149),
(83, 150),
(83, 167),
(84, 29),
(84, 136),
(85, 19),
(85, 64),
(85, 71),
(85, 81),
(85, 82),
(85, 83),
(85, 91),
(85, 130),
(85, 134),
(85, 147),
(85, 149),
(85, 150),
(86, 3),
(86, 8),
(86, 13),
(86, 24),
(86, 25),
(86, 34),
(86, 38),
(86, 43),
(86, 48),
(86, 50),
(86, 55),
(86, 60),
(86, 66),
(86, 68),
(86, 69),
(86, 73),
(86, 75),
(86, 79),
(86, 83),
(86, 84),
(86, 85),
(86, 92),
(86, 93),
(86, 100),
(86, 105),
(86, 112),
(86, 125),
(86, 137),
(86, 146),
(86, 149),
(86, 153),
(86, 158),
(86, 163),
(87, 63),
(87, 64),
(87, 69),
(87, 85),
(87, 90),
(87, 131),
(87, 144),
(87, 147),
(87, 157),
(88, 29),
(88, 112),
(89, 48),
(89, 167),
(90, 12),
(90, 25),
(90, 30),
(90, 44),
(90, 91),
(90, 119),
(90, 123),
(90, 148),
(91, 7),
(91, 18),
(91, 25),
(91, 31),
(91, 32),
(91, 34),
(91, 50),
(91, 58),
(91, 60),
(91, 69),
(91, 83),
(91, 92),
(91, 117),
(91, 133),
(91, 144),
(91, 153),
(91, 154),
(91, 164),
(92, 69),
(93, 3),
(93, 9),
(93, 12),
(93, 13),
(93, 16),
(93, 20),
(93, 21),
(93, 22),
(93, 23),
(93, 28),
(93, 39),
(93, 44),
(93, 45),
(93, 48),
(93, 50),
(93, 54),
(93, 55),
(93, 57),
(93, 61),
(93, 62),
(93, 63),
(93, 66),
(93, 67),
(93, 69),
(93, 79),
(93, 81),
(93, 83),
(93, 84),
(93, 85),
(93, 112),
(93, 117),
(93, 120),
(93, 125),
(93, 129),
(93, 133),
(93, 134),
(93, 147),
(93, 149),
(93, 167),
(94, 19),
(95, 21),
(95, 24),
(95, 38),
(95, 47),
(95, 50),
(95, 60),
(95, 65),
(95, 67),
(95, 68),
(95, 69),
(95, 76),
(95, 79),
(95, 83),
(95, 85),
(95, 90),
(95, 92),
(95, 93),
(95, 97),
(95, 153),
(96, 43),
(96, 62),
(96, 69),
(96, 155),
(96, 157),
(97, 54),
(97, 61),
(98, 34),
(98, 60),
(99, 83),
(100, 64),
(100, 83),
(100, 84),
(101, 60),
(102, 17),
(102, 21),
(102, 34),
(102, 55),
(102, 63),
(102, 81),
(102, 105),
(102, 154),
(103, 3),
(103, 23),
(103, 44),
(103, 47),
(103, 48),
(103, 52),
(103, 54),
(103, 63),
(103, 66),
(103, 79),
(103, 83),
(103, 91),
(103, 105),
(103, 121),
(103, 128),
(103, 130),
(103, 149),
(104, 34),
(104, 44),
(104, 69),
(104, 128),
(104, 130),
(104, 150),
(104, 167),
(105, 43),
(106, 50),
(107, 69),
(108, 54),
(109, 48),
(109, 156),
(110, 61),
(111, 2),
(111, 7),
(111, 17),
(111, 20),
(111, 78),
(111, 134),
(111, 137),
(111, 140),
(111, 145),
(111, 147),
(111, 149),
(111, 151),
(112, 71),
(112, 85),
(112, 149),
(113, 60),
(114, 34),
(114, 52),
(114, 64),
(114, 66),
(114, 70),
(114, 71),
(114, 74),
(114, 81),
(114, 82),
(114, 83),
(114, 85),
(114, 130),
(115, 21),
(115, 147),
(116, 38),
(116, 105),
(117, 25),
(117, 29),
(117, 34),
(117, 38),
(117, 43),
(117, 44),
(117, 53),
(117, 76),
(117, 81),
(117, 83),
(117, 112),
(117, 149),
(118, 60),
(119, 76),
(120, 66),
(120, 81),
(120, 82),
(120, 83),
(120, 91),
(121, 9),
(122, 44),
(122, 83),
(123, 9),
(123, 19),
(123, 27),
(123, 44),
(123, 134),
(123, 147),
(123, 149),
(123, 167),
(124, 43),
(124, 117),
(125, 47),
(125, 52),
(125, 85),
(125, 147),
(126, 34),
(126, 69),
(126, 112),
(127, 83),
(127, 93),
(127, 95),
(128, 19),
(128, 167),
(129, 34),
(130, 3),
(130, 9),
(130, 19),
(130, 22),
(130, 34),
(130, 37),
(130, 39),
(130, 42),
(130, 44),
(130, 46),
(130, 47),
(130, 52),
(130, 61),
(130, 63),
(130, 64),
(130, 70),
(130, 71),
(130, 74),
(130, 81),
(130, 82),
(130, 83),
(130, 85),
(130, 91),
(130, 117),
(130, 121),
(130, 130),
(130, 134),
(130, 149),
(130, 150),
(130, 167),
(131, 2),
(131, 13),
(131, 16),
(131, 29),
(131, 34),
(131, 47),
(131, 50),
(131, 55),
(131, 63),
(131, 64),
(131, 67),
(131, 68),
(131, 69),
(131, 70),
(131, 76),
(131, 79),
(131, 83),
(131, 85),
(131, 91),
(131, 97),
(131, 105),
(131, 125),
(131, 132),
(131, 149),
(131, 167),
(132, 54),
(132, 149),
(133, 3),
(133, 11),
(133, 13),
(133, 16),
(133, 21),
(133, 24),
(133, 38),
(133, 45),
(133, 46),
(133, 47),
(133, 48),
(133, 50),
(133, 55),
(133, 57),
(133, 59),
(133, 60),
(133, 63),
(133, 66),
(133, 67),
(133, 69),
(133, 73),
(133, 76),
(133, 77),
(133, 79),
(133, 83),
(133, 84),
(133, 90),
(133, 91),
(133, 100),
(133, 109),
(133, 112),
(133, 125),
(133, 131),
(133, 133),
(133, 138),
(133, 144),
(133, 149),
(133, 151),
(133, 153),
(133, 158),
(133, 160),
(133, 163),
(134, 3),
(134, 50),
(134, 60),
(134, 96),
(134, 133),
(135, 3),
(135, 11),
(135, 12),
(135, 16),
(135, 17),
(135, 19),
(135, 38),
(135, 43),
(135, 47),
(135, 48),
(135, 54),
(135, 62),
(135, 73),
(135, 85),
(135, 102),
(135, 106),
(135, 117),
(135, 119),
(135, 128),
(135, 131),
(135, 132),
(135, 134),
(135, 144),
(135, 147),
(135, 148),
(135, 149),
(135, 151),
(135, 154),
(135, 156),
(135, 157),
(135, 164),
(136, 48),
(136, 57),
(136, 117),
(137, 3),
(138, 3),
(138, 16),
(138, 21),
(138, 24),
(138, 47),
(138, 48),
(138, 50),
(138, 60),
(138, 62),
(138, 65),
(138, 69),
(138, 83),
(138, 85),
(138, 89),
(138, 92),
(138, 100),
(138, 137),
(138, 138),
(138, 158),
(139, 2),
(140, 9),
(141, 61),
(141, 134),
(142, 69),
(143, 21),
(143, 50),
(143, 51),
(143, 69),
(143, 83),
(143, 85),
(143, 92),
(143, 95),
(143, 149),
(143, 153),
(143, 155),
(143, 158),
(144, 19),
(144, 81),
(144, 87),
(144, 91),
(145, 44),
(145, 81),
(146, 84),
(147, 19),
(148, 83),
(149, 44),
(149, 60),
(149, 69),
(149, 83),
(149, 85),
(149, 92),
(149, 112),
(149, 136),
(149, 156),
(150, 83),
(150, 100),
(151, 83),
(152, 34),
(152, 38),
(152, 144),
(152, 156),
(153, 66),
(153, 67),
(153, 69),
(153, 85),
(154, 63),
(155, 54),
(156, 83),
(157, 1),
(157, 34),
(158, 72),
(159, 48),
(160, 61),
(161, 81),
(161, 83),
(162, 3),
(162, 19),
(162, 23),
(162, 39),
(162, 42),
(162, 47),
(162, 52),
(162, 61),
(162, 64),
(162, 66),
(162, 71),
(162, 81),
(162, 83),
(162, 85),
(162, 112),
(162, 117),
(162, 134),
(162, 149),
(162, 150),
(162, 167),
(163, 54),
(163, 66),
(163, 83),
(163, 125),
(163, 134),
(163, 149),
(164, 76),
(164, 83),
(164, 149),
(165, 3),
(165, 52),
(165, 83),
(166, 61),
(166, 79),
(167, 21),
(167, 24),
(167, 83),
(168, 19),
(169, 30),
(169, 50),
(170, 43),
(171, 48),
(171, 69),
(171, 113),
(172, 69),
(173, 19),
(174, 2),
(174, 3),
(174, 34),
(174, 47),
(174, 55),
(174, 65),
(174, 81),
(174, 83),
(174, 85),
(174, 129),
(175, 61),
(176, 83),
(177, 3),
(177, 8),
(177, 12),
(177, 13),
(177, 18),
(177, 24),
(177, 25),
(177, 28),
(177, 29),
(177, 45),
(177, 48),
(177, 55),
(177, 57),
(177, 66),
(177, 69),
(177, 77),
(177, 83),
(177, 84),
(177, 85),
(177, 90),
(177, 93),
(177, 96),
(177, 99),
(177, 105),
(177, 133),
(178, 67),
(179, 13),
(179, 21),
(179, 34),
(179, 45),
(179, 50),
(179, 55),
(179, 65),
(179, 67),
(179, 68),
(179, 69),
(179, 73),
(179, 76),
(179, 77),
(179, 79),
(179, 83),
(179, 84),
(179, 85),
(179, 90),
(179, 91),
(179, 92),
(179, 97),
(179, 100),
(179, 117),
(179, 125),
(179, 129),
(179, 131),
(179, 132),
(180, 84),
(181, 34),
(181, 83),
(182, 54),
(183, 83),
(184, 5),
(184, 7),
(184, 19),
(184, 29),
(184, 34),
(184, 46),
(184, 54),
(184, 64),
(184, 69),
(184, 72),
(184, 77),
(184, 81),
(184, 83),
(184, 90),
(184, 97),
(184, 105),
(184, 107),
(184, 121),
(184, 127),
(184, 132),
(184, 137),
(184, 144),
(184, 151),
(184, 159),
(184, 163),
(184, 164),
(185, 62),
(185, 67),
(185, 83),
(185, 167),
(186, 55),
(187, 69),
(188, 83),
(189, 84),
(190, 30),
(191, 83),
(191, 84),
(191, 85),
(191, 119),
(192, 52),
(192, 64),
(192, 91),
(193, 60),
(194, 31),
(194, 69),
(194, 93),
(194, 125),
(195, 21),
(195, 24),
(195, 38),
(195, 50),
(195, 60),
(195, 65),
(195, 67),
(195, 76),
(195, 83),
(195, 85),
(195, 92),
(195, 93),
(195, 112),
(196, 79),
(196, 83),
(196, 167),
(197, 61),
(197, 128),
(198, 24),
(198, 34),
(198, 38),
(198, 50),
(198, 60),
(198, 66),
(198, 67),
(198, 68),
(198, 75),
(198, 83),
(198, 84),
(198, 85),
(198, 89),
(198, 92),
(198, 105),
(198, 149),
(198, 153),
(199, 29),
(199, 31),
(199, 60),
(199, 149),
(200, 54),
(201, 67),
(201, 129),
(201, 149),
(201, 167),
(202, 44),
(202, 167),
(203, 83),
(204, 1),
(204, 2),
(204, 3),
(204, 5),
(204, 6),
(204, 7),
(204, 10),
(204, 11),
(204, 13),
(204, 14),
(204, 15),
(204, 17),
(204, 19),
(204, 20),
(204, 21),
(204, 22),
(204, 23),
(204, 24),
(204, 26),
(204, 27),
(204, 28),
(204, 33),
(204, 34),
(204, 35),
(204, 36),
(204, 37),
(204, 40),
(204, 42),
(204, 43),
(204, 44),
(204, 47),
(204, 48),
(204, 49),
(204, 52),
(204, 53),
(204, 55),
(204, 56),
(204, 57),
(204, 59),
(204, 60),
(204, 61),
(204, 62),
(204, 63),
(204, 66),
(204, 69),
(204, 70),
(204, 71),
(204, 74),
(204, 76),
(204, 79),
(204, 81),
(204, 82),
(204, 83),
(204, 84),
(204, 85),
(204, 91),
(204, 101),
(204, 104),
(204, 105),
(204, 107),
(204, 109),
(204, 111),
(204, 112),
(204, 117),
(204, 119),
(204, 123),
(204, 134),
(204, 135),
(204, 136),
(204, 138),
(204, 141),
(204, 142),
(204, 143),
(204, 145),
(204, 147),
(204, 148),
(204, 149),
(204, 150),
(204, 151),
(204, 152),
(204, 153),
(204, 155),
(204, 156),
(204, 161),
(204, 162),
(204, 166),
(204, 167),
(204, 168),
(205, 68),
(205, 83),
(205, 99),
(206, 48),
(206, 85),
(207, 17),
(207, 29),
(207, 30),
(207, 34),
(207, 44),
(207, 47),
(207, 63),
(207, 64),
(207, 79),
(207, 83),
(207, 100),
(207, 105),
(207, 113),
(207, 117),
(207, 147),
(207, 148),
(207, 151),
(207, 152),
(207, 163),
(208, 1),
(208, 93),
(208, 119),
(208, 155),
(209, 25),
(210, 48),
(211, 66),
(212, 69),
(213, 21),
(213, 24),
(213, 38),
(213, 60),
(213, 65),
(213, 67),
(213, 76),
(213, 83),
(213, 85),
(213, 93),
(213, 112),
(214, 34),
(215, 60),
(216, 48),
(216, 60),
(216, 76),
(216, 158),
(217, 60),
(218, 62),
(218, 69),
(218, 72),
(218, 73),
(218, 83),
(218, 84),
(218, 90),
(218, 117),
(218, 122),
(218, 128),
(219, 83),
(220, 25),
(220, 38),
(220, 44),
(220, 45),
(220, 48),
(220, 54),
(220, 57),
(220, 60),
(220, 69),
(220, 84),
(220, 85),
(220, 101),
(220, 126),
(220, 136),
(220, 137),
(220, 149),
(220, 150),
(220, 152),
(221, 43),
(221, 117),
(222, 34),
(222, 63),
(222, 66),
(222, 69),
(222, 73),
(222, 83),
(222, 85),
(222, 90),
(222, 92),
(222, 129),
(222, 149),
(223, 9),
(223, 27),
(223, 39),
(223, 44),
(224, 48),
(224, 50),
(225, 21),
(225, 29),
(225, 44),
(225, 76),
(225, 81),
(225, 85),
(225, 93),
(225, 99),
(225, 100),
(225, 112),
(226, 3),
(226, 44),
(226, 63),
(226, 81),
(226, 83),
(227, 50),
(227, 84),
(227, 156),
(228, 47),
(228, 63),
(228, 76),
(228, 137),
(229, 69),
(230, 9),
(230, 27),
(230, 44),
(230, 81),
(230, 167),
(231, 2),
(231, 14),
(231, 17),
(231, 23),
(231, 35),
(231, 36),
(231, 37),
(231, 39),
(231, 42),
(231, 44),
(231, 85),
(231, 101),
(231, 117),
(231, 142),
(231, 144),
(231, 150),
(231, 157),
(231, 167),
(232, 21),
(232, 24),
(232, 48),
(232, 67),
(232, 69),
(232, 81),
(232, 84),
(232, 90),
(232, 91),
(232, 99),
(232, 100),
(232, 105),
(232, 129),
(232, 149),
(232, 167),
(233, 11),
(233, 17),
(233, 25),
(233, 29),
(233, 30),
(233, 31),
(233, 32),
(233, 34),
(233, 39),
(233, 43),
(233, 44),
(233, 47),
(233, 48),
(233, 58),
(233, 59),
(233, 63),
(233, 64),
(233, 65),
(233, 81),
(233, 83),
(233, 90),
(233, 93),
(233, 99),
(233, 100),
(233, 112),
(233, 113),
(233, 114),
(233, 116),
(233, 117),
(233, 125),
(233, 131),
(233, 133),
(233, 136),
(233, 137),
(233, 144),
(233, 146),
(233, 149),
(233, 151),
(233, 156),
(233, 159),
(233, 167),
(234, 3),
(234, 6),
(234, 9),
(234, 11),
(234, 13),
(234, 19),
(234, 21),
(234, 23),
(234, 33),
(234, 34),
(234, 39),
(234, 41),
(234, 42),
(234, 44),
(234, 46),
(234, 47),
(234, 49),
(234, 52),
(234, 55),
(234, 56),
(234, 59),
(234, 61),
(234, 64),
(234, 69),
(234, 70),
(234, 71),
(234, 79),
(234, 81),
(234, 82),
(234, 83),
(234, 84),
(234, 85),
(234, 91),
(234, 105),
(234, 112),
(234, 117),
(234, 125),
(234, 128),
(234, 138),
(234, 149),
(234, 151),
(234, 153),
(234, 167),
(235, 3),
(235, 33),
(235, 44),
(235, 52),
(235, 54),
(235, 55),
(235, 57),
(235, 83),
(235, 84),
(235, 85),
(235, 109),
(235, 112),
(236, 44),
(237, 61),
(238, 12),
(239, 34),
(239, 120),
(239, 157),
(240, 2),
(240, 11),
(240, 12),
(240, 14),
(240, 17),
(240, 20),
(240, 21),
(240, 22),
(240, 24),
(240, 29),
(240, 33),
(240, 34),
(240, 35),
(240, 40),
(240, 43),
(240, 44),
(240, 45),
(240, 46),
(240, 48),
(240, 50),
(240, 51),
(240, 53),
(240, 54),
(240, 55),
(240, 57),
(240, 60),
(240, 61),
(240, 62),
(240, 67),
(240, 68),
(240, 69),
(240, 72),
(240, 73),
(240, 77),
(240, 78),
(240, 81),
(240, 83),
(240, 84),
(240, 88),
(240, 90),
(240, 91),
(240, 92),
(240, 93),
(240, 99),
(240, 100),
(240, 105),
(240, 107),
(240, 110),
(240, 112),
(240, 113),
(240, 119),
(240, 125),
(240, 127),
(240, 131),
(240, 133),
(240, 137),
(240, 138),
(240, 139),
(240, 141),
(240, 145),
(240, 149),
(240, 150),
(240, 151),
(240, 152),
(240, 156),
(240, 166),
(240, 167),
(241, 3),
(241, 44),
(241, 54),
(241, 73),
(241, 91),
(241, 100),
(241, 134),
(241, 147),
(241, 149),
(241, 167),
(242, 3),
(242, 34),
(242, 64),
(242, 67),
(242, 68),
(242, 69),
(242, 76),
(242, 85),
(242, 99),
(242, 118),
(242, 119),
(243, 3),
(243, 9),
(243, 11),
(243, 23),
(243, 35),
(243, 39),
(243, 44),
(243, 50),
(243, 54),
(243, 60),
(243, 61),
(243, 62),
(243, 66),
(243, 67),
(243, 85),
(243, 134),
(243, 147),
(243, 149),
(243, 151),
(243, 167),
(244, 68),
(244, 155),
(245, 36),
(245, 83),
(245, 85),
(245, 107),
(245, 117),
(246, 34),
(246, 45),
(246, 50),
(246, 65),
(246, 68),
(246, 69),
(246, 73),
(246, 77),
(246, 79),
(246, 84),
(246, 85),
(246, 91),
(246, 92),
(246, 93),
(246, 100),
(246, 125),
(247, 34),
(248, 3),
(248, 12),
(248, 16),
(248, 25),
(248, 29),
(248, 38),
(248, 44),
(248, 47),
(248, 48),
(248, 50),
(248, 60),
(248, 66),
(248, 67),
(248, 68),
(248, 77),
(248, 83),
(248, 84),
(248, 85),
(248, 88),
(248, 89),
(248, 92),
(248, 93),
(248, 100),
(248, 125),
(248, 139),
(248, 141),
(248, 145),
(248, 149),
(248, 151),
(248, 153),
(248, 166),
(249, 47),
(249, 83),
(250, 3),
(250, 54),
(250, 55),
(250, 63),
(250, 67),
(250, 75),
(250, 83),
(250, 85),
(250, 91),
(250, 134),
(250, 149),
(250, 167),
(251, 12),
(251, 83),
(251, 147),
(251, 154),
(252, 9),
(252, 11),
(252, 19),
(252, 27),
(252, 41),
(252, 47),
(252, 52),
(252, 54),
(252, 55),
(252, 66),
(252, 69),
(252, 70),
(252, 71),
(252, 76),
(252, 79),
(252, 85),
(252, 91),
(252, 112),
(252, 125),
(252, 134),
(252, 147),
(252, 149),
(252, 150),
(252, 167),
(253, 63),
(254, 83),
(255, 23),
(255, 52),
(255, 59),
(255, 70),
(255, 74),
(255, 85),
(255, 134),
(256, 69),
(257, 31),
(257, 117),
(258, 19),
(258, 27),
(258, 44),
(258, 52),
(258, 59),
(258, 60),
(258, 63),
(258, 81),
(258, 83),
(258, 109),
(258, 112),
(258, 117),
(258, 121),
(258, 122),
(258, 137),
(258, 155),
(259, 9),
(259, 23),
(259, 27),
(259, 39),
(259, 52),
(259, 54),
(259, 81),
(259, 142),
(259, 147),
(259, 149),
(259, 167),
(260, 34),
(260, 81),
(260, 85),
(261, 30),
(262, 23),
(263, 62),
(264, 7),
(264, 17),
(264, 81),
(264, 141),
(265, 7),
(265, 30),
(265, 34),
(265, 144),
(266, 2),
(266, 3),
(266, 21),
(266, 23),
(266, 25),
(266, 30),
(266, 31),
(266, 34),
(266, 44),
(266, 48),
(266, 50),
(266, 60),
(266, 69),
(266, 117),
(266, 137),
(266, 144),
(266, 148),
(266, 149),
(266, 150),
(266, 151),
(267, 60),
(268, 83),
(269, 67),
(269, 99),
(269, 113),
(270, 83),
(270, 85),
(270, 167),
(271, 3),
(271, 50),
(271, 69),
(271, 119),
(271, 128),
(272, 77),
(273, 6),
(273, 11),
(273, 13),
(273, 18),
(273, 22),
(273, 23),
(273, 25),
(273, 29),
(273, 34),
(273, 36),
(273, 38),
(273, 41),
(273, 43),
(273, 44),
(273, 47),
(273, 48),
(273, 49),
(273, 50),
(273, 52),
(273, 53),
(273, 54),
(273, 55),
(273, 57),
(273, 61),
(273, 62),
(273, 63),
(273, 69),
(273, 70),
(273, 73),
(273, 81),
(273, 84),
(273, 85),
(273, 97),
(273, 112),
(273, 125),
(273, 131),
(273, 134),
(273, 149),
(273, 167),
(274, 81),
(274, 83),
(275, 3),
(275, 8),
(275, 16),
(275, 24),
(275, 25),
(275, 30),
(275, 43),
(275, 48),
(275, 57),
(275, 60),
(275, 62),
(275, 69),
(275, 84),
(275, 105),
(275, 112),
(275, 156),
(276, 48),
(277, 83),
(278, 77),
(279, 12),
(279, 15),
(279, 44),
(279, 47),
(279, 52),
(279, 66),
(279, 84),
(279, 145),
(279, 154),
(279, 157),
(280, 13),
(280, 19),
(280, 34),
(280, 52),
(280, 63),
(280, 76),
(280, 81),
(280, 85),
(280, 117),
(280, 123),
(280, 130),
(280, 134),
(280, 163),
(281, 34),
(282, 69),
(282, 92),
(282, 93),
(283, 43),
(284, 29),
(284, 44),
(284, 149),
(285, 38),
(285, 60),
(286, 55),
(286, 59),
(286, 69),
(286, 81),
(287, 60),
(287, 62),
(287, 71),
(288, 18),
(288, 65),
(288, 83),
(288, 112),
(288, 134),
(288, 141),
(288, 149),
(289, 51),
(290, 25),
(290, 31),
(290, 69),
(290, 72),
(290, 92),
(290, 97),
(290, 107),
(290, 109),
(290, 131),
(291, 83),
(292, 61),
(293, 11),
(293, 30),
(294, 21),
(294, 32),
(294, 45),
(294, 59),
(294, 60),
(294, 63),
(294, 65),
(294, 72),
(294, 73),
(294, 85),
(294, 91),
(294, 92),
(294, 97),
(294, 105),
(294, 117),
(294, 122),
(294, 126),
(294, 141),
(295, 34),
(296, 31),
(296, 85),
(297, 3),
(297, 6),
(297, 7),
(297, 9),
(297, 21),
(297, 23),
(297, 41),
(297, 48),
(297, 63),
(297, 64),
(297, 83),
(297, 89),
(297, 90),
(297, 117),
(297, 119),
(297, 133),
(298, 60),
(299, 54),
(300, 83),
(301, 83),
(302, 23),
(302, 52),
(302, 54),
(302, 69),
(302, 70),
(302, 79),
(302, 81),
(302, 83),
(302, 85),
(302, 91),
(302, 112),
(302, 113),
(302, 130),
(302, 148),
(303, 19),
(303, 64),
(303, 69),
(303, 70),
(303, 74),
(303, 79),
(303, 81),
(303, 83),
(303, 85),
(303, 87),
(303, 91),
(303, 112),
(303, 130),
(303, 138),
(303, 149),
(303, 167),
(304, 21),
(305, 52),
(305, 58),
(305, 63),
(305, 83),
(305, 91),
(305, 134),
(305, 149),
(305, 167),
(306, 13),
(306, 34),
(306, 48),
(306, 50),
(306, 52),
(306, 69),
(306, 76),
(306, 79),
(306, 81),
(306, 83),
(306, 85),
(306, 90),
(306, 91),
(306, 125),
(307, 57),
(308, 2),
(308, 3),
(308, 5),
(308, 18),
(308, 20),
(308, 25),
(308, 44),
(308, 45),
(308, 48),
(308, 60),
(308, 62),
(308, 69),
(308, 85),
(308, 92),
(308, 127),
(308, 133),
(308, 134),
(308, 137),
(308, 141),
(308, 146),
(308, 149),
(308, 150),
(308, 151),
(308, 155),
(308, 156),
(308, 157),
(308, 158),
(309, 3),
(309, 13),
(309, 16),
(309, 20),
(309, 21),
(309, 22),
(309, 44),
(309, 45),
(309, 48),
(309, 55),
(309, 63),
(309, 69),
(309, 73),
(309, 83),
(309, 91),
(309, 100),
(309, 105),
(309, 138),
(309, 149),
(309, 158),
(309, 167),
(310, 69),
(311, 13),
(312, 83),
(312, 134),
(312, 149),
(313, 69),
(314, 22),
(314, 25),
(314, 33),
(314, 34),
(314, 36),
(314, 40),
(314, 43),
(314, 44),
(314, 47),
(314, 50),
(314, 54),
(314, 55),
(314, 57),
(314, 61),
(314, 62),
(314, 75),
(314, 76),
(314, 81),
(314, 83),
(314, 84),
(314, 91),
(314, 97),
(314, 112),
(314, 119),
(314, 127),
(314, 131),
(314, 145),
(314, 149),
(314, 150),
(314, 156),
(314, 166),
(314, 167),
(315, 69),
(315, 76),
(316, 76),
(317, 29),
(317, 43),
(317, 47),
(317, 68),
(317, 85),
(317, 89),
(317, 105),
(317, 137),
(318, 44),
(319, 64),
(319, 100),
(319, 149),
(320, 44),
(321, 44),
(322, 44),
(322, 60),
(322, 68),
(322, 91),
(322, 102),
(322, 105),
(322, 121),
(322, 149),
(323, 44),
(323, 68),
(323, 105),
(324, 54),
(325, 11),
(325, 28),
(325, 43),
(325, 47),
(325, 63),
(325, 69),
(325, 83),
(325, 92),
(325, 129),
(325, 133),
(325, 136),
(325, 148),
(325, 149),
(325, 153),
(325, 154),
(325, 160),
(326, 25),
(326, 50),
(326, 100),
(326, 163),
(327, 29),
(327, 34),
(327, 43),
(327, 47),
(327, 50),
(327, 85),
(327, 89),
(327, 109),
(327, 112),
(327, 158),
(328, 83),
(329, 2),
(329, 3),
(329, 11),
(329, 12),
(329, 13),
(329, 14),
(329, 16),
(329, 17),
(329, 20),
(329, 21),
(329, 22),
(329, 24),
(329, 25),
(329, 28),
(329, 29),
(329, 33),
(329, 34),
(329, 38),
(329, 40),
(329, 44),
(329, 45),
(329, 46),
(329, 47),
(329, 48),
(329, 53),
(329, 55),
(329, 57),
(329, 59),
(329, 60),
(329, 62),
(329, 63),
(329, 67),
(329, 68),
(329, 69),
(329, 72),
(329, 73),
(329, 75),
(329, 77),
(329, 81),
(329, 83),
(329, 84),
(329, 85),
(329, 90),
(329, 91),
(329, 92),
(329, 93),
(329, 99),
(329, 100),
(329, 102),
(329, 105),
(329, 112),
(329, 113),
(329, 119),
(329, 123),
(329, 125),
(329, 126),
(329, 127),
(329, 129),
(329, 131),
(329, 133),
(329, 136),
(329, 137),
(329, 138),
(329, 139),
(329, 141),
(329, 145),
(329, 146),
(329, 147),
(329, 149),
(329, 151),
(329, 152),
(329, 153),
(329, 156),
(329, 158),
(329, 163),
(329, 166),
(329, 167),
(330, 20),
(330, 63),
(330, 125),
(330, 149),
(331, 69),
(332, 63),
(333, 54),
(333, 167),
(334, 2),
(334, 81),
(334, 83),
(334, 85),
(334, 124),
(334, 130),
(335, 48),
(335, 85),
(336, 54),
(336, 81),
(336, 85),
(337, 54),
(338, 43),
(338, 60),
(338, 83),
(338, 102),
(338, 146),
(338, 149),
(338, 150),
(339, 23),
(339, 54),
(339, 74),
(339, 85),
(340, 34),
(340, 69),
(340, 76),
(340, 81),
(340, 83),
(340, 84),
(340, 85),
(340, 90),
(340, 105),
(340, 146),
(341, 19),
(341, 21),
(341, 27),
(341, 34),
(341, 44),
(341, 52),
(341, 54),
(341, 55),
(341, 57),
(341, 69),
(341, 81),
(341, 83),
(341, 91),
(341, 105),
(341, 113),
(341, 125),
(341, 128),
(341, 149),
(341, 167),
(342, 69),
(342, 81),
(342, 83),
(343, 19),
(343, 54),
(344, 22),
(344, 28),
(344, 34),
(344, 52),
(344, 54),
(344, 55),
(344, 81),
(344, 83),
(344, 85),
(344, 91),
(344, 92),
(344, 134),
(344, 149),
(344, 153),
(344, 166),
(344, 167),
(345, 3),
(345, 19),
(345, 23),
(345, 27),
(345, 44),
(345, 52),
(345, 70),
(345, 81),
(345, 134),
(345, 149),
(345, 150),
(345, 167),
(346, 19),
(346, 23),
(346, 27),
(346, 52),
(346, 54),
(346, 74),
(346, 79),
(346, 81),
(346, 85),
(346, 91),
(346, 117),
(346, 149),
(346, 167),
(347, 3),
(347, 9),
(347, 19),
(347, 23),
(347, 44),
(347, 52),
(347, 54),
(347, 61),
(347, 69),
(347, 79),
(347, 81),
(347, 83),
(347, 85),
(347, 91),
(347, 149),
(348, 65),
(349, 59),
(349, 83),
(350, 43),
(351, 43),
(351, 50),
(351, 67),
(351, 68),
(351, 69),
(351, 84),
(351, 85),
(351, 89),
(351, 146),
(351, 149),
(351, 153),
(352, 63),
(353, 47),
(354, 68),
(355, 60),
(355, 81),
(356, 55),
(356, 75),
(356, 149),
(357, 24),
(357, 50),
(357, 60),
(357, 83),
(357, 91),
(357, 112),
(358, 2),
(358, 3),
(358, 11),
(358, 12),
(358, 13),
(358, 19),
(358, 21),
(358, 22),
(358, 25),
(358, 29),
(358, 31),
(358, 34),
(358, 44),
(358, 48),
(358, 52),
(358, 55),
(358, 59),
(358, 60),
(358, 62),
(358, 65),
(358, 66),
(358, 68),
(358, 69),
(358, 76),
(358, 77),
(358, 79),
(358, 83),
(358, 85),
(358, 92),
(358, 112),
(358, 136),
(358, 137),
(358, 138),
(358, 144),
(358, 148),
(358, 153),
(358, 157),
(358, 158),
(358, 159),
(358, 160),
(358, 164),
(358, 167),
(359, 25),
(359, 29),
(359, 34),
(360, 69),
(361, 36),
(362, 47),
(363, 83),
(364, 43),
(364, 59),
(364, 79),
(364, 84),
(364, 85),
(364, 109),
(365, 3),
(365, 29),
(365, 32),
(365, 51),
(365, 60),
(365, 112),
(366, 29),
(366, 47),
(367, 48),
(367, 84),
(367, 134),
(368, 54),
(369, 23),
(369, 44),
(370, 60),
(371, 7),
(371, 8),
(371, 17),
(371, 18),
(371, 25),
(371, 28),
(371, 29),
(371, 34),
(371, 44),
(371, 48),
(371, 54),
(371, 57),
(371, 69),
(371, 83),
(371, 112),
(371, 137),
(371, 149),
(371, 150),
(371, 151),
(371, 154),
(372, 61),
(373, 19),
(374, 9),
(374, 19),
(374, 39),
(374, 61),
(374, 69),
(374, 79),
(374, 147),
(374, 149),
(374, 167),
(375, 19),
(375, 23),
(375, 52),
(375, 81),
(375, 83),
(375, 85),
(375, 167),
(376, 38),
(377, 20),
(377, 34),
(377, 68),
(377, 83),
(377, 120),
(377, 125),
(377, 130),
(378, 69),
(379, 29),
(379, 44),
(379, 69),
(379, 84),
(379, 159),
(380, 25),
(380, 34),
(380, 43),
(380, 44),
(380, 48),
(381, 34),
(382, 70),
(383, 67),
(384, 31),
(384, 34),
(384, 38),
(384, 46),
(384, 48),
(384, 50),
(384, 57),
(384, 67),
(384, 68),
(384, 96),
(384, 100),
(384, 129),
(384, 147),
(384, 159),
(385, 48),
(385, 51),
(385, 81),
(386, 60),
(387, 83),
(388, 13),
(388, 79),
(388, 83),
(388, 91),
(388, 95),
(388, 125),
(388, 128),
(388, 158),
(389, 23),
(390, 21),
(390, 65),
(390, 68),
(390, 73),
(390, 77),
(390, 79),
(390, 84),
(390, 85),
(390, 89),
(390, 90),
(390, 91),
(390, 92),
(390, 93),
(390, 100),
(390, 120),
(390, 125),
(391, 34),
(391, 45),
(392, 43),
(392, 60),
(392, 85),
(393, 3),
(393, 9),
(393, 41),
(393, 69),
(393, 85),
(393, 87),
(393, 110),
(394, 3),
(395, 52),
(395, 66),
(395, 67),
(395, 69),
(395, 83),
(395, 85),
(395, 134),
(396, 35),
(396, 149),
(396, 167),
(397, 34),
(397, 147),
(398, 18),
(398, 25),
(398, 48),
(398, 60),
(398, 81),
(398, 83),
(398, 85),
(398, 89),
(398, 105),
(398, 112),
(398, 113),
(398, 134),
(398, 136),
(399, 54),
(399, 60),
(400, 66),
(400, 85),
(400, 128),
(401, 27),
(401, 44),
(401, 61),
(401, 167),
(402, 83),
(403, 29),
(403, 34),
(403, 43),
(403, 44),
(403, 48),
(403, 55),
(403, 62),
(403, 63),
(403, 64),
(403, 65),
(403, 67),
(403, 68),
(403, 69),
(403, 76),
(403, 79),
(403, 85),
(403, 91),
(403, 92),
(403, 129),
(403, 131),
(403, 167),
(404, 2),
(404, 25),
(404, 36),
(404, 72),
(404, 82),
(404, 97),
(404, 117),
(404, 154),
(405, 63),
(405, 85),
(405, 95),
(406, 54),
(406, 167),
(407, 7),
(407, 13),
(407, 67),
(408, 62),
(408, 69),
(408, 134),
(409, 129),
(410, 69),
(410, 77),
(410, 92),
(410, 100),
(411, 44),
(411, 48),
(412, 83),
(413, 83),
(413, 85),
(414, 79),
(414, 83),
(415, 34),
(415, 48),
(415, 62),
(415, 65),
(415, 73),
(415, 81),
(415, 83),
(415, 85),
(415, 117),
(416, 19),
(416, 79),
(417, 3),
(417, 19),
(417, 27),
(417, 44),
(417, 52),
(417, 167),
(418, 19),
(418, 79),
(418, 81),
(419, 27),
(419, 44),
(419, 167),
(420, 44),
(421, 29),
(422, 59),
(422, 85),
(422, 91),
(422, 117),
(422, 134),
(422, 149),
(423, 34),
(423, 79),
(423, 85),
(423, 91),
(423, 95),
(423, 147),
(423, 149),
(424, 34),
(424, 64),
(424, 66),
(424, 79),
(424, 85),
(424, 91),
(424, 117),
(424, 129),
(425, 23),
(426, 19),
(427, 9),
(428, 63),
(429, 2),
(429, 7),
(429, 8),
(429, 11),
(429, 13),
(429, 16),
(429, 17),
(429, 18),
(429, 21),
(429, 23),
(429, 24),
(429, 25),
(429, 26),
(429, 28),
(429, 29),
(429, 31),
(429, 33),
(429, 35),
(429, 36),
(429, 37),
(429, 38),
(429, 39),
(429, 42),
(429, 43),
(429, 44),
(429, 45),
(429, 46),
(429, 47),
(429, 48),
(429, 50),
(429, 51),
(429, 53),
(429, 54),
(429, 55),
(429, 57),
(429, 58),
(429, 59),
(429, 60),
(429, 62),
(429, 63),
(429, 64),
(429, 68),
(429, 69),
(429, 81),
(429, 83),
(429, 85),
(429, 88),
(429, 91),
(429, 94),
(429, 96),
(429, 98),
(429, 100),
(429, 101),
(429, 107),
(429, 109),
(429, 110),
(429, 114),
(429, 117),
(429, 121),
(429, 122),
(429, 123),
(429, 131),
(429, 133),
(429, 134),
(429, 136),
(429, 137),
(429, 138),
(429, 140),
(429, 142),
(429, 144),
(429, 145),
(429, 146),
(429, 147),
(429, 149),
(429, 150),
(429, 151),
(429, 152),
(429, 153),
(429, 154),
(429, 157),
(429, 160),
(429, 161),
(429, 163),
(429, 167),
(429, 168),
(430, 34),
(430, 60),
(430, 83),
(431, 47),
(431, 83),
(431, 91),
(432, 25),
(432, 136),
(433, 23),
(434, 64),
(434, 81),
(435, 83),
(436, 54),
(436, 158),
(437, 3),
(437, 11),
(437, 29),
(437, 44),
(437, 60),
(437, 66),
(437, 81),
(437, 83),
(437, 85),
(437, 91),
(437, 101),
(437, 134),
(437, 147),
(437, 148),
(437, 149),
(437, 167),
(438, 83),
(439, 3),
(439, 7),
(439, 13),
(439, 16),
(439, 43),
(439, 47),
(439, 48),
(439, 51),
(439, 60),
(439, 63),
(439, 66),
(439, 67),
(439, 69),
(439, 79),
(439, 83),
(439, 88),
(439, 95),
(439, 125),
(439, 134),
(439, 147),
(439, 149),
(439, 158),
(439, 163),
(439, 167),
(440, 23),
(440, 134),
(440, 147),
(440, 149),
(440, 150),
(440, 167),
(441, 66),
(442, 11),
(442, 21),
(442, 27),
(442, 34),
(442, 39),
(442, 44),
(442, 52),
(442, 54),
(442, 56),
(442, 61),
(442, 74),
(442, 79),
(442, 82),
(442, 83),
(442, 85),
(442, 91),
(442, 128),
(442, 134),
(442, 138),
(442, 149),
(442, 166),
(442, 167),
(443, 54),
(444, 29),
(444, 34),
(444, 81),
(445, 83),
(446, 34),
(447, 3),
(447, 47),
(447, 52),
(447, 149),
(448, 47),
(449, 16),
(449, 47),
(450, 48),
(451, 47),
(451, 54),
(452, 29),
(453, 8),
(453, 35),
(453, 63),
(453, 69),
(453, 77),
(453, 81),
(453, 83),
(453, 93),
(453, 100),
(453, 126),
(454, 44),
(455, 27),
(455, 44),
(455, 52),
(455, 54),
(455, 55),
(455, 70),
(455, 91),
(455, 125),
(455, 130),
(456, 16),
(456, 47),
(456, 81),
(456, 83),
(456, 85),
(456, 91),
(456, 125),
(456, 149),
(456, 167),
(457, 12),
(457, 16),
(457, 21),
(457, 29),
(457, 30),
(457, 31),
(457, 32),
(457, 34),
(457, 44),
(457, 45),
(457, 50),
(457, 59),
(457, 60),
(457, 67),
(457, 69),
(457, 72),
(457, 77),
(457, 88),
(457, 89),
(457, 97),
(457, 99),
(457, 107),
(457, 113),
(457, 125),
(457, 136),
(457, 137),
(457, 144),
(457, 151),
(457, 156),
(458, 48),
(458, 65),
(458, 83),
(458, 90),
(459, 65),
(460, 9),
(461, 54),
(462, 19),
(462, 21),
(462, 47),
(462, 61),
(462, 70),
(462, 91),
(462, 134),
(462, 147),
(462, 149),
(462, 167),
(463, 21),
(463, 34),
(463, 36),
(463, 161),
(463, 167),
(464, 23),
(464, 69),
(464, 149),
(465, 23),
(465, 27),
(465, 47),
(465, 52),
(465, 54),
(465, 64),
(465, 66),
(465, 70),
(465, 74),
(465, 79),
(465, 81),
(465, 83),
(465, 85),
(465, 91),
(466, 48),
(466, 69),
(467, 67),
(468, 3),
(468, 5),
(468, 8),
(468, 11),
(468, 12),
(468, 13),
(468, 16),
(468, 17),
(468, 19),
(468, 21),
(468, 24),
(468, 29),
(468, 34),
(468, 42),
(468, 43),
(468, 45),
(468, 47),
(468, 48),
(468, 50),
(468, 51),
(468, 57),
(468, 60),
(468, 62),
(468, 65),
(468, 67),
(468, 68),
(468, 69),
(468, 76),
(468, 77),
(468, 79),
(468, 83),
(468, 87),
(468, 89),
(468, 91),
(468, 92),
(468, 93),
(468, 94),
(468, 95),
(468, 97),
(468, 99),
(468, 100),
(468, 109),
(468, 110),
(468, 112),
(468, 114),
(468, 117),
(468, 120),
(468, 121),
(468, 131),
(468, 132),
(468, 133),
(468, 134),
(468, 137),
(468, 138),
(468, 142),
(468, 146),
(468, 149),
(468, 150),
(468, 154),
(468, 155),
(468, 157),
(468, 158),
(469, 67),
(469, 149),
(470, 5),
(470, 8),
(470, 9),
(470, 12),
(470, 21),
(470, 24),
(470, 25),
(470, 28),
(470, 44),
(470, 45),
(470, 47),
(470, 50),
(470, 55),
(470, 57),
(470, 64),
(470, 67),
(470, 88),
(470, 117),
(470, 119),
(470, 121),
(470, 126),
(470, 133),
(471, 83),
(472, 45),
(472, 83),
(472, 134),
(472, 147),
(472, 150),
(473, 83),
(474, 11),
(474, 28),
(474, 69),
(474, 81),
(474, 83),
(474, 129),
(474, 153),
(475, 19),
(475, 47),
(475, 52),
(475, 79),
(475, 85),
(476, 89),
(477, 81),
(477, 90),
(478, 21),
(478, 63),
(478, 90),
(478, 93),
(479, 13),
(479, 41),
(479, 44),
(479, 47),
(479, 48),
(479, 49),
(479, 54),
(479, 59),
(479, 64),
(479, 69),
(479, 70),
(479, 79),
(479, 81),
(479, 83),
(479, 85),
(479, 87),
(479, 91),
(479, 97),
(479, 107),
(479, 112),
(479, 113),
(479, 125),
(479, 128),
(479, 134),
(479, 138),
(479, 141),
(479, 148),
(479, 149),
(479, 166),
(479, 167),
(480, 91),
(481, 85),
(481, 91),
(482, 91),
(483, 91),
(484, 91),
(486, 81),
(486, 91),
(486, 149),
(488, 91),
(489, 91),
(490, 91),
(491, 91),
(492, 81),
(492, 91),
(493, 79),
(493, 91),
(494, 79),
(494, 91),
(495, 91),
(496, 91),
(497, 91),
(498, 91),
(498, 112),
(499, 85),
(499, 91),
(500, 91),
(501, 91),
(502, 19),
(502, 85),
(502, 91),
(502, 158),
(502, 167),
(503, 81),
(503, 91),
(504, 91),
(505, 79),
(505, 81),
(505, 91),
(505, 134),
(506, 91),
(506, 128),
(506, 134),
(506, 138),
(507, 91),
(507, 149),
(508, 91),
(509, 88),
(510, 66),
(510, 88),
(510, 138),
(510, 149),
(510, 155),
(510, 167),
(511, 88),
(512, 92),
(513, 92),
(514, 93),
(515, 93),
(516, 85),
(516, 93),
(516, 125),
(517, 83),
(517, 95),
(517, 125),
(518, 95),
(518, 125),
(519, 79),
(519, 81),
(519, 95),
(519, 125),
(520, 34),
(520, 67),
(520, 69),
(520, 76),
(520, 99),
(520, 112),
(521, 7),
(521, 25),
(521, 48),
(521, 58),
(521, 72),
(521, 81),
(521, 82),
(521, 84),
(521, 85),
(521, 96),
(521, 99),
(521, 114),
(521, 117),
(522, 100),
(522, 125),
(523, 100),
(523, 163),
(524, 100),
(525, 100),
(526, 100),
(527, 100),
(527, 167),
(528, 48),
(528, 54),
(528, 100),
(528, 125),
(528, 167),
(529, 102),
(530, 112),
(531, 112),
(532, 112),
(533, 112),
(534, 112),
(535, 112),
(536, 20),
(536, 34),
(536, 44),
(536, 45),
(536, 60),
(536, 61),
(536, 69),
(536, 83),
(536, 85),
(536, 112),
(536, 136),
(536, 151),
(536, 154),
(537, 112),
(538, 112),
(539, 112),
(540, 112),
(541, 112),
(542, 112),
(543, 117),
(544, 117),
(545, 117),
(546, 81),
(546, 117),
(547, 117),
(548, 117),
(549, 117),
(550, 117),
(551, 117),
(552, 117),
(553, 117),
(553, 149),
(554, 117),
(555, 117),
(556, 117),
(557, 3),
(557, 11),
(557, 13),
(557, 19),
(557, 21),
(557, 39),
(557, 41),
(557, 49),
(557, 54),
(557, 61),
(557, 64),
(557, 69),
(557, 70),
(557, 79),
(557, 83),
(557, 85),
(557, 117),
(557, 125),
(557, 138),
(557, 151),
(557, 167),
(558, 81),
(558, 85),
(558, 117),
(559, 83),
(559, 117),
(560, 126),
(560, 146),
(561, 107),
(562, 21),
(562, 34),
(562, 48),
(562, 64),
(562, 66),
(562, 70),
(562, 76),
(562, 79),
(562, 85),
(562, 87),
(562, 113),
(562, 125),
(562, 148),
(562, 149),
(562, 167),
(563, 83),
(563, 120),
(564, 120),
(565, 122),
(566, 122),
(567, 125),
(568, 125),
(569, 125),
(570, 125),
(571, 125),
(572, 81),
(572, 83),
(573, 81),
(574, 81),
(575, 81),
(576, 81),
(577, 81),
(577, 83),
(578, 81),
(579, 81),
(580, 81),
(580, 134),
(580, 167),
(581, 81),
(582, 81),
(582, 128),
(583, 81),
(583, 85),
(584, 81),
(584, 85),
(584, 148),
(585, 81),
(586, 81),
(587, 81),
(588, 81),
(589, 81),
(590, 81),
(591, 81),
(592, 81),
(593, 81),
(594, 81),
(595, 81),
(596, 81),
(597, 81),
(599, 81),
(600, 81),
(601, 81),
(602, 81),
(603, 81),
(604, 81),
(605, 81),
(606, 81),
(607, 81),
(608, 81),
(608, 83),
(610, 81),
(611, 81),
(612, 81),
(613, 81),
(614, 81),
(615, 81),
(616, 81),
(617, 81),
(617, 85),
(618, 81),
(620, 81),
(621, 81),
(622, 81),
(623, 81),
(624, 81),
(625, 81),
(626, 81),
(627, 81),
(628, 81),
(629, 81),
(629, 83),
(630, 128),
(631, 83),
(632, 83),
(633, 83),
(634, 83),
(635, 83),
(635, 155),
(636, 83),
(637, 83),
(638, 21),
(638, 48),
(638, 54),
(638, 74),
(638, 79),
(638, 83),
(638, 85),
(638, 87),
(638, 97),
(638, 138),
(638, 148),
(638, 149),
(638, 167),
(639, 21),
(639, 70),
(639, 79),
(639, 85),
(639, 87),
(639, 149),
(640, 85),
(641, 85),
(642, 85),
(642, 149),
(642, 167),
(643, 85),
(644, 85),
(645, 85),
(645, 149),
(646, 85),
(647, 85),
(647, 134),
(648, 85),
(648, 149),
(649, 85),
(649, 167),
(650, 85),
(651, 85),
(651, 167),
(652, 19),
(652, 85),
(653, 85),
(654, 11),
(654, 19),
(654, 21),
(654, 85),
(654, 148),
(655, 19),
(655, 61),
(655, 66),
(655, 79),
(655, 85),
(655, 134),
(655, 148),
(655, 149),
(655, 167),
(656, 85),
(657, 85),
(658, 85),
(659, 13),
(659, 70),
(659, 85),
(660, 70),
(660, 85),
(660, 148),
(661, 85),
(662, 85),
(663, 85),
(664, 85),
(665, 85),
(666, 85),
(667, 85),
(668, 85),
(669, 85),
(670, 74),
(670, 79),
(670, 85),
(671, 85),
(672, 85),
(673, 85),
(674, 85),
(675, 85),
(676, 85),
(677, 41),
(677, 61),
(677, 66),
(677, 85),
(679, 85),
(679, 134),
(679, 149),
(679, 167),
(680, 85),
(681, 85),
(682, 85),
(683, 85),
(684, 85),
(685, 85),
(686, 85),
(687, 85),
(688, 85),
(689, 85),
(690, 85),
(691, 85),
(692, 83),
(692, 85),
(693, 85),
(694, 85),
(695, 85),
(696, 85),
(697, 85),
(698, 85),
(699, 85),
(700, 85),
(701, 85),
(701, 150),
(702, 85),
(703, 85),
(704, 85),
(705, 85),
(706, 85),
(708, 85),
(709, 85),
(710, 85),
(711, 85),
(713, 85),
(713, 145),
(714, 85),
(716, 85),
(716, 167),
(717, 83),
(717, 85),
(718, 85),
(719, 86),
(720, 83),
(721, 83),
(722, 83),
(723, 83),
(724, 83),
(725, 83),
(726, 83),
(727, 83),
(728, 83),
(729, 83),
(730, 83),
(731, 83),
(732, 83),
(733, 83),
(734, 83),
(735, 83),
(735, 134),
(736, 83),
(737, 83),
(738, 83),
(739, 83),
(740, 83),
(741, 83),
(742, 83),
(743, 83),
(744, 83),
(745, 83),
(746, 83),
(747, 83),
(748, 130),
(749, 130),
(750, 130),
(750, 134),
(751, 130),
(752, 131),
(753, 134),
(753, 147),
(753, 149),
(753, 150),
(753, 167),
(754, 134),
(754, 150),
(755, 134),
(755, 147),
(755, 149),
(755, 167),
(756, 61),
(756, 134),
(756, 147),
(756, 149),
(756, 167),
(758, 134),
(759, 134),
(760, 134),
(760, 167),
(761, 134),
(762, 19),
(762, 134),
(762, 167),
(763, 134),
(763, 167),
(764, 3),
(764, 9),
(764, 134),
(764, 147),
(765, 54),
(765, 61),
(765, 134),
(766, 134),
(766, 137),
(766, 149),
(767, 136),
(768, 137),
(768, 146),
(769, 137),
(770, 133),
(770, 149),
(770, 153),
(771, 133),
(772, 147),
(773, 48),
(773, 54),
(773, 66),
(773, 147),
(773, 149),
(773, 167),
(774, 147),
(775, 147),
(775, 167),
(776, 147),
(777, 147),
(778, 147),
(779, 147),
(779, 149),
(780, 147),
(781, 147),
(781, 149),
(781, 167),
(782, 147),
(783, 147),
(784, 147),
(785, 147),
(786, 147),
(787, 147),
(788, 147),
(789, 147),
(791, 147),
(792, 147),
(793, 147),
(794, 147),
(795, 147),
(796, 147),
(797, 147),
(798, 147),
(799, 147),
(800, 147),
(801, 147),
(802, 147),
(803, 70),
(803, 148),
(804, 148),
(805, 11),
(805, 54),
(805, 148),
(806, 149),
(807, 149),
(807, 167),
(808, 149),
(809, 149),
(810, 149),
(811, 11),
(811, 13),
(811, 21),
(811, 41),
(811, 48),
(811, 49),
(811, 61),
(811, 64),
(811, 66),
(811, 135),
(811, 149),
(811, 167),
(813, 79),
(813, 149),
(813, 167),
(814, 149),
(814, 167),
(815, 79),
(815, 149),
(815, 167),
(816, 149),
(817, 63),
(817, 149),
(818, 149),
(819, 149),
(820, 149),
(821, 149),
(822, 3),
(822, 5),
(822, 21),
(822, 39),
(822, 49),
(822, 149),
(822, 150),
(822, 161),
(823, 149),
(824, 34),
(824, 149),
(825, 149),
(826, 149),
(827, 149),
(828, 149),
(828, 167),
(829, 149),
(830, 149),
(831, 149),
(832, 149),
(832, 167),
(833, 149),
(834, 149),
(835, 149),
(836, 149),
(837, 149),
(838, 79),
(838, 149),
(839, 149),
(840, 149),
(840, 167),
(841, 70),
(841, 149),
(842, 149),
(843, 149),
(844, 149),
(845, 149),
(846, 149),
(847, 149),
(848, 149),
(849, 149),
(850, 149),
(851, 158),
(852, 153),
(852, 158),
(852, 163),
(853, 151),
(853, 159),
(854, 159),
(855, 167),
(856, 167),
(857, 167),
(858, 167),
(859, 167),
(860, 167),
(861, 167),
(862, 167),
(863, 167),
(864, 167),
(865, 167),
(866, 167),
(867, 167),
(868, 167),
(869, 167),
(870, 167),
(871, 167),
(872, 167),
(873, 167),
(874, 79),
(874, 167),
(875, 167),
(876, 167),
(877, 167),
(878, 167),
(879, 167),
(880, 167),
(881, 167),
(882, 167),
(883, 167),
(884, 167),
(885, 167),
(886, 167),
(887, 167),
(888, 167),
(889, 167),
(890, 66),
(890, 167),
(891, 167),
(892, 21),
(892, 167),
(893, 54),
(893, 66),
(893, 167),
(894, 167),
(895, 167),
(896, 167),
(897, 150),
(898, 150),
(899, 150),
(900, 153),
(901, 153),
(902, 79),
(902, 163),
(903, 163),
(904, 166),
(905, 54),
(906, 54),
(907, 54),
(908, 54),
(909, 54),
(909, 61),
(910, 54),
(911, 61),
(913, 54),
(913, 61),
(914, 48),
(915, 66),
(916, 63),
(917, 48),
(919, 69),
(920, 19),
(922, 55),
(923, 54),
(924, 69),
(925, 60),
(926, 67),
(927, 49),
(927, 60),
(928, 61),
(929, 61),
(930, 19),
(931, 54),
(933, 83),
(934, 70),
(935, 19),
(936, 69),
(937, 70),
(938, 60),
(939, 83),
(940, 70),
(941, 21),
(942, 61),
(942, 79),
(943, 61),
(944, 67),
(945, 61),
(946, 54),
(947, 54),
(947, 61),
(948, 69),
(949, 47),
(949, 61),
(950, 11),
(951, 83),
(952, 54),
(953, 39),
(953, 83),
(954, 61),
(955, 61),
(956, 61),
(957, 83),
(958, 21),
(959, 70),
(960, 69),
(960, 79),
(960, 83),
(961, 54),
(962, 66),
(962, 79),
(963, 19),
(964, 61),
(965, 50),
(966, 61),
(967, 13),
(968, 83),
(969, 70),
(970, 61),
(971, 34),
(972, 34),
(973, 44),
(974, 29),
(975, 54),
(976, 69),
(977, 61),
(978, 54),
(979, 41),
(980, 61),
(981, 61),
(982, 54),
(983, 21),
(983, 54),
(983, 69),
(984, 62),
(985, 69),
(986, 19),
(987, 61),
(988, 54),
(990, 54),
(991, 54),
(992, 66),
(993, 47),
(994, 54),
(995, 13),
(996, 65),
(997, 65),
(998, 65),
(998, 67),
(999, 47),
(1003, 47),
(1004, 62),
(1005, 114),
(1006, 167),
(1007, 167),
(1008, 14),
(1008, 17),
(1009, 36),
(1010, 36),
(1011, 79),
(1012, 125),
(1013, 79),
(1014, 79),
(1015, 79),
(1016, 79),
(1017, 151),
(1018, 148),
(1019, 79),
(1020, 79),
(1021, 79),
(1022, 79),
(1023, 79),
(1024, 79),
(1025, 79),
(1026, 79);

-- --------------------------------------------------------

--
-- Estrutura para tabela `tipo_orgao`
--

CREATE TABLE `tipo_orgao` (
  `codigo` int NOT NULL,
  `nome` varchar(80) CHARACTER SET utf8 COLLATE utf8_unicode_ci NOT NULL
) ENGINE=InnoDB DEFAULT CHARSET=latin1;

--
-- Despejando dados para a tabela `tipo_orgao`
--

INSERT INTO `tipo_orgao` (`codigo`, `nome`) VALUES
(1, 'agência'),
(2, 'centro de pesquisa'),
(3, 'estatal'),
(4, 'instituto federal'),
(5, 'judiciário'),
(6, 'legislativo'),
(7, 'ministério'),
(8, 'universidade'),
(9, 'outro');

--
-- Índices de tabelas apagadas
--

--
-- Índices de tabela `categoria_software`
--
ALTER TABLE `categoria_software`
  ADD PRIMARY KEY (`codigo`);

--
-- Índices de tabela `licenca`
--
ALTER TABLE `licenca`
  ADD PRIMARY KEY (`codigo`);

--
-- Índices de tabela `orgao`
--
ALTER TABLE `orgao`
  ADD PRIMARY KEY (`codigo`),
  ADD UNIQUE KEY `nome` (`nome`);

--
-- Índices de tabela `protocolo`
--
ALTER TABLE `protocolo`
  ADD PRIMARY KEY (`codigo`);

--
-- Índices de tabela `protocolo_orgao`
--
ALTER TABLE `protocolo_orgao`
  ADD PRIMARY KEY (`codigo_protocolo`,`codigo_orgao`);

--
-- Índices de tabela `software`
--
ALTER TABLE `software`
  ADD PRIMARY KEY (`codigo`),
  ADD UNIQUE KEY `nome` (`nome`);

--
-- Índices de tabela `software_orgao`
--
ALTER TABLE `software_orgao`
  ADD PRIMARY KEY (`codigo_software`,`codigo_orgao`);

--
-- Índices de tabela `tipo_orgao`
--
ALTER TABLE `tipo_orgao`
  ADD PRIMARY KEY (`codigo`);

--
-- AUTO_INCREMENT de tabelas apagadas
--

--
-- AUTO_INCREMENT de tabela `categoria_software`
--
ALTER TABLE `categoria_software`
  MODIFY `codigo` int NOT NULL AUTO_INCREMENT, AUTO_INCREMENT=257;

--
-- AUTO_INCREMENT de tabela `licenca`
--
ALTER TABLE `licenca`
  MODIFY `codigo` int NOT NULL AUTO_INCREMENT, AUTO_INCREMENT=104;

--
-- AUTO_INCREMENT de tabela `orgao`
--
ALTER TABLE `orgao`
  MODIFY `codigo` int NOT NULL AUTO_INCREMENT, AUTO_INCREMENT=169;

--
-- AUTO_INCREMENT de tabela `protocolo`
--
ALTER TABLE `protocolo`
  MODIFY `codigo` int NOT NULL AUTO_INCREMENT, AUTO_INCREMENT=17;

--
-- AUTO_INCREMENT de tabela `software`
--
ALTER TABLE `software`
  MODIFY `codigo` int NOT NULL AUTO_INCREMENT, AUTO_INCREMENT=1027;

--
-- AUTO_INCREMENT de tabela `tipo_orgao`
--
ALTER TABLE `tipo_orgao`
  MODIFY `codigo` int NOT NULL AUTO_INCREMENT, AUTO_INCREMENT=11;
COMMIT;

/*!40101 SET CHARACTER_SET_CLIENT=@OLD_CHARACTER_SET_CLIENT */;
/*!40101 SET CHARACTER_SET_RESULTS=@OLD_CHARACTER_SET_RESULTS */;
/*!40101 SET COLLATION_CONNECTION=@OLD_COLLATION_CONNECTION */;
